2026-03-15 22:29:48.583 [info] [main] Log level: Info
2026-03-15 22:29:48.583 [info] [main] Validating found git in: "git"
2026-03-15 22:29:48.583 [info] [main] Using git "2.52.0" from "git"
2026-03-15 22:29:48.583 [info] [Model][doInitialScan] Initial repository scan started
2026-03-15 22:29:48.583 [info] > git rev-parse --show-toplevel [353ms]
2026-03-15 22:29:48.755 [info] > git rev-parse --git-dir --git-common-dir --show-superproject-working-tree [175ms]
2026-03-15 22:29:49.138 [info] [Model][openRepository] Opened repository (path): /workspaces/C-Projects
2026-03-15 22:29:49.138 [info] [Model][openRepository] Opened repository (real path): /workspaces/C-Projects
2026-03-15 22:29:49.138 [info] [Model][openRepository] Opened repository (kind): repository
2026-03-15 22:29:49.275 [info] > git rev-parse --show-toplevel [75ms]
2026-03-15 22:29:49.276 [info] > git config --get commit.template [107ms]
2026-03-15 22:29:49.596 [info] > git rev-parse --show-toplevel [272ms]
2026-03-15 22:29:49.824 [info] > git for-each-ref --format=%(refname)%00%(upstream:short)%00%(objectname)%00%(upstream:track)%00%(upstream:remotename)%00%(upstream:remoteref) refs/heads/main refs/remotes/main [386ms]
2026-03-15 22:29:49.871 [info] > git rev-parse --show-toplevel [180ms]
2026-03-15 22:29:49.945 [info] > git check-ignore -v -z --stdin [82ms]
2026-03-15 22:29:49.960 [info] > git rev-parse --show-toplevel [33ms]
2026-03-15 22:29:49.969 [info] [Model][doInitialScan] Initial repository scan completed - repositories (1), closed repositories (0), parent repositories (0), unsafe repositories (0)
2026-03-15 22:29:50.031 [info] > git status -z -uall [47ms]
2026-03-15 22:29:50.127 [info] > git for-each-ref --sort -committerdate --format %(refname)%00%(objectname)%00%(*objectname) [121ms]
2026-03-15 22:29:50.237 [info] > git for-each-ref --format=%(refname)%00%(upstream:short)%00%(objectname)%00%(upstream:track)%00%(upstream:remotename)%00%(upstream:remoteref) refs/heads/main refs/remotes/main [46ms]
2026-03-15 22:29:50.245 [info] > git config --local -l [119ms]
2026-03-15 22:29:50.296 [info] > git config --get --local branch.main.vscode-merge-base [50ms]
2026-03-15 22:29:50.326 [info] > git config --get commit.template [105ms]
2026-03-15 22:29:50.597 [info] > git config --local -l [149ms]
2026-03-15 22:29:50.598 [info] > git config --local -l [167ms]
2026-03-15 22:29:50.598 [info] > git config --local -l [185ms]
2026-03-15 22:29:50.599 [info] > git config --local -l [201ms]
2026-03-15 22:29:50.600 [info] > git for-each-ref --format=%(refname)%00%(upstream:short)%00%(objectname)%00%(upstream:track)%00%(upstream:remotename)%00%(upstream:remoteref) refs/heads/origin/main refs/remotes/origin/main [274ms]
2026-03-15 22:29:50.621 [info] > git merge-base refs/heads/main refs/remotes/origin/main [11ms]
2026-03-15 22:29:50.631 [info] > git for-each-ref --format=%(refname)%00%(upstream:short)%00%(objectname)%00%(upstream:track)%00%(upstream:remotename)%00%(upstream:remoteref) refs/heads/main refs/remotes/main [128ms]
2026-03-15 22:29:50.653 [info] > git diff --raw --numstat --diff-filter=ADMR -z --find-renames=50% 71180f2965edd71d2fbd4ecada0bb4290213be6f...refs/remotes/origin/main -- [23ms]
2026-03-15 22:29:50.750 [info] > git status -z -uall [86ms]
2026-03-15 22:29:50.785 [info] > git for-each-ref --sort -committerdate --format %(refname)%00%(objectname)%00%(*objectname) [90ms]
2026-03-15 22:29:51.493 [info] > git config --local -l [53ms]
2026-03-15 22:29:51.499 [info] > git config --local -l [101ms]
2026-03-15 22:29:51.500 [info] > git config --local -l [120ms]
2026-03-15 22:29:51.500 [info] > git config --local -l [137ms]
2026-03-15 22:29:51.501 [info] > git config --local -l [158ms]
2026-03-15 22:30:14.666 [info] > git check-ignore -v -z --stdin [3ms]
2026-03-15 22:30:46.826 [info] > git check-ignore -v -z --stdin [4ms]
2026-03-15 22:30:47.806 [info] > git check-ignore -v -z --stdin [4ms]
2026-03-15 22:33:14.559 [info] > git config --get commit.template [5ms]
2026-03-15 22:33:14.575 [info] > git for-each-ref --format=%(refname)%00%(upstream:short)%00%(objectname)%00%(upstream:track)%00%(upstream:remotename)%00%(upstream:remoteref) refs/heads/main refs/remotes/main [3ms]
2026-03-15 22:33:14.610 [info] > git status -z -uall [20ms]
2026-03-15 22:33:14.612 [info] > git for-each-ref --sort -committerdate --format %(refname)%00%(objectname)%00%(*objectname) [5ms]
2026-03-15 22:33:26.142 [info] > git config --get commit.template [0ms]
2026-03-15 22:33:26.151 [info] > git for-each-ref --format=%(refname)%00%(upstream:short)%00%(objectname)%00%(upstream:track)%00%(upstream:remotename)%00%(upstream:remoteref) refs/heads/main refs/remotes/main [3ms]
2026-03-15 22:33:26.172 [info] > git status -z -uall [14ms]
2026-03-15 22:33:26.181 [info] > git for-each-ref --sort -committerdate --format %(refname)%00%(objectname)%00%(*objectname) [11ms]
2026-03-15 22:33:28.202 [info] > git check-ignore -v -z --stdin [3ms]
2026-03-15 22:33:37.571 [info] > git check-ignore -v -z --stdin [4ms]
2026-03-15 22:33:37.646 [info] > git show --textconv :README.md [12ms]
2026-03-15 22:33:37.646 [info] > git ls-files --stage -- README.md [1ms]
2026-03-15 22:33:37.674 [info] > git cat-file -s 51220f5308da9d76362d6cbf425f27ec7e6e5d8e [8ms]
2026-03-15 22:33:48.434 [info] > git config --get commit.template [2ms]
2026-03-15 22:33:48.446 [info] > git for-each-ref --format=%(refname)%00%(upstream:short)%00%(objectname)%00%(upstream:track)%00%(upstream:remotename)%00%(upstream:remoteref) refs/heads/main refs/remotes/main [2ms]
2026-03-15 22:33:48.474 [info] > git status -z -uall [15ms]
2026-03-15 22:33:48.476 [info] > git for-each-ref --sort -committerdate --format %(refname)%00%(objectname)%00%(*objectname) [5ms]
2026-03-15 22:33:48.797 [info] > git check-ignore -v -z --stdin [2ms]
2026-03-15 22:34:43.809 [info] > git config --get commit.template [14ms]
2026-03-15 22:34:43.811 [info] > git for-each-ref --format=%(refname)%00%(upstream:short)%00%(objectname)%00%(upstream:track)%00%(upstream:remotename)%00%(upstream:remoteref) refs/heads/main refs/remotes/main [3ms]
2026-03-15 22:34:43.836 [info] > git status -z -uall [11ms]
2026-03-15 22:34:43.841 [info] > git for-each-ref --sort -committerdate --format %(refname)%00%(objectname)%00%(*objectname) [5ms]
2026-03-15 22:34:48.853 [info] > git config --get commit.template [1ms]
2026-03-15 22:34:48.865 [info] > git for-each-ref --format=%(refname)%00%(upstream:short)%00%(objectname)%00%(upstream:track)%00%(upstream:remotename)%00%(upstream:remoteref) refs/heads/main refs/remotes/main [2ms]
2026-03-15 22:34:48.883 [info] > git status -z -uall [11ms]
2026-03-15 22:34:48.887 [info] > git for-each-ref --sort -committerdate --format %(refname)%00%(objectname)%00%(*objectname) [6ms]
2026-03-15 22:34:53.416 [info] > git check-ignore -v -z --stdin [1ms]
2026-03-15 22:34:55.236 [info] > git check-ignore -v -z --stdin [1ms]
2026-03-15 22:35:20.087 [info] > git config --get commit.template [16ms]
2026-03-15 22:35:20.089 [info] > git for-each-ref --format=%(refname)%00%(upstream:short)%00%(objectname)%00%(upstream:track)%00%(upstream:remotename)%00%(upstream:remoteref) refs/heads/main refs/remotes/main [3ms]
2026-03-15 22:35:20.109 [info] > git status -z -uall [12ms]
2026-03-15 22:35:20.109 [info] > git for-each-ref --sort -committerdate --format %(refname)%00%(objectname)%00%(*objectname) [3ms]
2026-03-15 22:35:30.441 [info] > git config --get commit.template [3ms]
2026-03-15 22:35:30.452 [info] > git for-each-ref --format=%(refname)%00%(upstream:short)%00%(objectname)%00%(upstream:track)%00%(upstream:remotename)%00%(upstream:remoteref) refs/heads/main refs/remotes/main [3ms]
2026-03-15 22:35:30.476 [info] > git status -z -uall [15ms]
2026-03-15 22:35:30.479 [info] > git for-each-ref --sort -committerdate --format %(refname)%00%(objectname)%00%(*objectname) [7ms]
2026-03-15 22:35:36.294 [info] > git config --get commit.template [1ms]
2026-03-15 22:35:36.315 [info] > git for-each-ref --format=%(refname)%00%(upstream:short)%00%(objectname)%00%(upstream:track)%00%(upstream:remotename)%00%(upstream:remoteref) refs/heads/main refs/remotes/main [5ms]
2026-03-15 22:35:36.343 [info] > git status -z -uall [13ms]
2026-03-15 22:35:36.347 [info] > git for-each-ref --sort -committerdate --format %(refname)%00%(objectname)%00%(*objectname) [7ms]
2026-03-15 22:35:41.363 [info] > git config --get commit.template [3ms]
2026-03-15 22:35:41.377 [info] > git for-each-ref --format=%(refname)%00%(upstream:short)%00%(objectname)%00%(upstream:track)%00%(upstream:remotename)%00%(upstream:remoteref) refs/heads/main refs/remotes/main [3ms]
2026-03-15 22:35:41.401 [info] > git status -z -uall [12ms]
2026-03-15 22:35:41.406 [info] > git for-each-ref --sort -committerdate --format %(refname)%00%(objectname)%00%(*objectname) [6ms]
2026-03-15 22:35:46.424 [info] > git config --get commit.template [7ms]
2026-03-15 22:35:46.440 [info] > git for-each-ref --format=%(refname)%00%(upstream:short)%00%(objectname)%00%(upstream:track)%00%(upstream:remotename)%00%(upstream:remoteref) refs/heads/main refs/remotes/main [3ms]
2026-03-15 22:35:46.467 [info] > git status -z -uall [13ms]
2026-03-15 22:35:46.471 [info] > git for-each-ref --sort -committerdate --format %(refname)%00%(objectname)%00%(*objectname) [7ms]
2026-03-15 22:35:51.486 [info] > git config --get commit.template [1ms]
2026-03-15 22:35:51.500 [info] > git for-each-ref --format=%(refname)%00%(upstream:short)%00%(objectname)%00%(upstream:track)%00%(upstream:remotename)%00%(upstream:remoteref) refs/heads/main refs/remotes/main [1ms]
2026-03-15 22:35:51.524 [info] > git status -z -uall [11ms]
2026-03-15 22:35:51.529 [info] > git for-each-ref --sort -committerdate --format %(refname)%00%(objectname)%00%(*objectname) [6ms]
2026-03-15 22:35:56.543 [info] > git config --get commit.template [3ms]
2026-03-15 22:35:56.556 [info] > git for-each-ref --format=%(refname)%00%(upstream:short)%00%(objectname)%00%(upstream:track)%00%(upstream:remotename)%00%(upstream:remoteref) refs/heads/main refs/remotes/main [5ms]
2026-03-15 22:35:56.587 [info] > git status -z -uall [19ms]
2026-03-15 22:35:56.589 [info] > git for-each-ref --sort -committerdate --format %(refname)%00%(objectname)%00%(*objectname) [6ms]
2026-03-15 22:36:01.601 [info] > git config --get commit.template [3ms]
2026-03-15 22:36:01.611 [info] > git for-each-ref --format=%(refname)%00%(upstream:short)%00%(objectname)%00%(upstream:track)%00%(upstream:remotename)%00%(upstream:remoteref) refs/heads/main refs/remotes/main [2ms]
2026-03-15 22:36:01.636 [info] > git status -z -uall [14ms]
2026-03-15 22:36:01.637 [info] > git for-each-ref --sort -committerdate --format %(refname)%00%(objectname)%00%(*objectname) [5ms]
2026-03-15 22:36:06.664 [info] > git config --get commit.template [17ms]
2026-03-15 22:36:06.667 [info] > git for-each-ref --format=%(refname)%00%(upstream:short)%00%(objectname)%00%(upstream:track)%00%(upstream:remotename)%00%(upstream:remoteref) refs/heads/main refs/remotes/main [4ms]
2026-03-15 22:36:06.701 [info] > git status -z -uall [20ms]
2026-03-15 22:36:06.704 [info] > git for-each-ref --sort -committerdate --format %(refname)%00%(objectname)%00%(*objectname) [4ms]
2026-03-15 22:36:11.717 [info] > git config --get commit.template [3ms]
2026-03-15 22:36:11.740 [info] > git for-each-ref --format=%(refname)%00%(upstream:short)%00%(objectname)%00%(upstream:track)%00%(upstream:remotename)%00%(upstream:remoteref) refs/heads/main refs/remotes/main [13ms]
2026-03-15 22:36:11.773 [info] > git status -z -uall [20ms]
2026-03-15 22:36:11.782 [info] > git for-each-ref --sort -committerdate --format %(refname)%00%(objectname)%00%(*objectname) [10ms]
2026-03-15 22:36:16.795 [info] > git config --get commit.template [3ms]
2026-03-15 22:36:16.806 [info] > git for-each-ref --format=%(refname)%00%(upstream:short)%00%(objectname)%00%(upstream:track)%00%(upstream:remotename)%00%(upstream:remoteref) refs/heads/main refs/remotes/main [2ms]
2026-03-15 22:36:16.824 [info] > git status -z -uall [10ms]
2026-03-15 22:36:16.826 [info] > git for-each-ref --sort -committerdate --format %(refname)%00%(objectname)%00%(*objectname) [3ms]
2026-03-15 22:36:21.842 [info] > git config --get commit.template [4ms]
2026-03-15 22:36:21.859 [info] > git for-each-ref --format=%(refname)%00%(upstream:short)%00%(objectname)%00%(upstream:track)%00%(upstream:remotename)%00%(upstream:remoteref) refs/heads/main refs/remotes/main [3ms]
2026-03-15 22:36:21.884 [info] > git status -z -uall [15ms]
2026-03-15 22:36:21.891 [info] > git for-each-ref --sort -committerdate --format %(refname)%00%(objectname)%00%(*objectname) [8ms]
2026-03-15 22:36:26.903 [info] > git config --get commit.template [1ms]
2026-03-15 22:36:26.915 [info] > git for-each-ref --format=%(refname)%00%(upstream:short)%00%(objectname)%00%(upstream:track)%00%(upstream:remotename)%00%(upstream:remoteref) refs/heads/main refs/remotes/main [3ms]
2026-03-15 22:36:26.938 [info] > git status -z -uall [12ms]
2026-03-15 22:36:26.941 [info] > git for-each-ref --sort -committerdate --format %(refname)%00%(objectname)%00%(*objectname) [4ms]
2026-03-15 22:36:31.963 [info] > git config --get commit.template [11ms]
2026-03-15 22:36:31.965 [info] > git for-each-ref --format=%(refname)%00%(upstream:short)%00%(objectname)%00%(upstream:track)%00%(upstream:remotename)%00%(upstream:remoteref) refs/heads/main refs/remotes/main [3ms]
2026-03-15 22:36:31.985 [info] > git status -z -uall [10ms]
2026-03-15 22:36:31.992 [info] > git for-each-ref --sort -committerdate --format %(refname)%00%(objectname)%00%(*objectname) [8ms]
2026-03-15 22:36:37.413 [info] > git config --get commit.template [13ms]
2026-03-15 22:36:37.415 [info] > git for-each-ref --format=%(refname)%00%(upstream:short)%00%(objectname)%00%(upstream:track)%00%(upstream:remotename)%00%(upstream:remoteref) refs/heads/main refs/remotes/main [3ms]
2026-03-15 22:36:37.446 [info] > git status -z -uall [18ms]
2026-03-15 22:36:37.449 [info] > git for-each-ref --sort -committerdate --format %(refname)%00%(objectname)%00%(*objectname) [7ms]
2026-03-15 22:36:54.139 [info] > git config --get commit.template [3ms]
2026-03-15 22:36:54.149 [info] > git for-each-ref --format=%(refname)%00%(upstream:short)%00%(objectname)%00%(upstream:track)%00%(upstream:remotename)%00%(upstream:remoteref) refs/heads/main refs/remotes/main [2ms]
2026-03-15 22:36:54.173 [info] > git status -z -uall [13ms]
2026-03-15 22:36:54.181 [info] > git for-each-ref --sort -committerdate --format %(refname)%00%(objectname)%00%(*objectname) [8ms]
2026-03-15 22:37:05.954 [info] > git config --get commit.template [1ms]
2026-03-15 22:37:05.971 [info] > git for-each-ref --format=%(refname)%00%(upstream:short)%00%(objectname)%00%(upstream:track)%00%(upstream:remotename)%00%(upstream:remoteref) refs/heads/main refs/remotes/main [2ms]
2026-03-15 22:37:06.011 [info] > git status -z -uall [23ms]
2026-03-15 22:37:06.015 [info] > git for-each-ref --sort -committerdate --format %(refname)%00%(objectname)%00%(*objectname) [7ms]
2026-03-15 22:37:11.027 [info] > git config --get commit.template [2ms]
2026-03-15 22:37:11.044 [info] > git for-each-ref --format=%(refname)%00%(upstream:short)%00%(objectname)%00%(upstream:track)%00%(upstream:remotename)%00%(upstream:remoteref) refs/heads/main refs/remotes/main [3ms]
2026-03-15 22:37:11.072 [info] > git status -z -uall [19ms]
2026-03-15 22:37:11.073 [info] > git for-each-ref --sort -committerdate --format %(refname)%00%(objectname)%00%(*objectname) [9ms]
2026-03-15 22:37:19.350 [info] > git config --get commit.template [18ms]
2026-03-15 22:37:19.352 [info] > git for-each-ref --format=%(refname)%00%(upstream:short)%00%(objectname)%00%(upstream:track)%00%(upstream:remotename)%00%(upstream:remoteref) refs/heads/main refs/remotes/main [2ms]
2026-03-15 22:37:19.375 [info] > git status -z -uall [13ms]
2026-03-15 22:37:19.377 [info] > git for-each-ref --sort -committerdate --format %(refname)%00%(objectname)%00%(*objectname) [5ms]
2026-03-15 22:37:27.016 [info] > git config --get commit.template [19ms]
2026-03-15 22:37:27.018 [info] > git for-each-ref --format=%(refname)%00%(upstream:short)%00%(objectname)%00%(upstream:track)%00%(upstream:remotename)%00%(upstream:remoteref) refs/heads/main refs/remotes/main [4ms]
2026-03-15 22:37:27.069 [info] > git status -z -uall [24ms]
2026-03-15 22:37:27.071 [info] > git for-each-ref --sort -committerdate --format %(refname)%00%(objectname)%00%(*objectname) [5ms]
2026-03-15 22:37:33.513 [info] > git config --get commit.template [16ms]
2026-03-15 22:37:33.515 [info] > git for-each-ref --format=%(refname)%00%(upstream:short)%00%(objectname)%00%(upstream:track)%00%(upstream:remotename)%00%(upstream:remoteref) refs/heads/main refs/remotes/main [3ms]
2026-03-15 22:37:33.544 [info] > git status -z -uall [16ms]
2026-03-15 22:37:33.550 [info] > git for-each-ref --sort -committerdate --format %(refname)%00%(objectname)%00%(*objectname) [7ms]
2026-03-15 22:37:38.566 [info] > git config --get commit.template [1ms]
2026-03-15 22:37:38.575 [info] > git for-each-ref --format=%(refname)%00%(upstream:short)%00%(objectname)%00%(upstream:track)%00%(upstream:remotename)%00%(upstream:remoteref) refs/heads/main refs/remotes/main [2ms]
2026-03-15 22:37:38.596 [info] > git status -z -uall [10ms]
2026-03-15 22:37:38.598 [info] > git for-each-ref --sort -committerdate --format %(refname)%00%(objectname)%00%(*objectname) [3ms]
2026-03-15 22:37:45.169 [info] > git config --get commit.template [3ms]
2026-03-15 22:37:45.178 [info] > git for-each-ref --format=%(refname)%00%(upstream:short)%00%(objectname)%00%(upstream:track)%00%(upstream:remotename)%00%(upstream:remoteref) refs/heads/main refs/remotes/main [2ms]
2026-03-15 22:37:45.196 [info] > git status -z -uall [9ms]
2026-03-15 22:37:45.199 [info] > git for-each-ref --sort -committerdate --format %(refname)%00%(objectname)%00%(*objectname) [3ms]
2026-03-15 22:37:53.685 [info] > git config --get commit.template [11ms]
2026-03-15 22:37:53.687 [info] > git for-each-ref --format=%(refname)%00%(upstream:short)%00%(objectname)%00%(upstream:track)%00%(upstream:remotename)%00%(upstream:remoteref) refs/heads/main refs/remotes/main [3ms]
2026-03-15 22:37:53.708 [info] > git status -z -uall [12ms]
2026-03-15 22:37:53.710 [info] > git for-each-ref --sort -committerdate --format %(refname)%00%(objectname)%00%(*objectname) [3ms]
2026-03-15 22:38:00.995 [info] > git config --get commit.template [3ms]
2026-03-15 22:38:01.006 [info] > git for-each-ref --format=%(refname)%00%(upstream:short)%00%(objectname)%00%(upstream:track)%00%(upstream:remotename)%00%(upstream:remoteref) refs/heads/main refs/remotes/main [2ms]
2026-03-15 22:38:01.027 [info] > git status -z -uall [12ms]
2026-03-15 22:38:01.031 [info] > git for-each-ref --sort -committerdate --format %(refname)%00%(objectname)%00%(*objectname) [5ms]
2026-03-15 22:38:06.682 [info] > git config --get commit.template [1ms]
2026-03-15 22:38:06.694 [info] > git for-each-ref --format=%(refname)%00%(upstream:short)%00%(objectname)%00%(upstream:track)%00%(upstream:remotename)%00%(upstream:remoteref) refs/heads/main refs/remotes/main [2ms]
2026-03-15 22:38:06.713 [info] > git status -z -uall [11ms]
2026-03-15 22:38:06.720 [info] > git for-each-ref --sort -committerdate --format %(refname)%00%(objectname)%00%(*objectname) [7ms]
2026-03-15 22:38:11.741 [info] > git config --get commit.template [7ms]
2026-03-15 22:38:11.759 [info] > git for-each-ref --format=%(refname)%00%(upstream:short)%00%(objectname)%00%(upstream:track)%00%(upstream:remotename)%00%(upstream:remoteref) refs/heads/main refs/remotes/main [5ms]
2026-03-15 22:38:11.796 [info] > git status -z -uall [19ms]
2026-03-15 22:38:11.800 [info] > git for-each-ref --sort -committerdate --format %(refname)%00%(objectname)%00%(*objectname) [6ms]
2026-03-15 22:38:21.884 [info] > git config --get commit.template [4ms]
2026-03-15 22:38:21.901 [info] > git for-each-ref --format=%(refname)%00%(upstream:short)%00%(objectname)%00%(upstream:track)%00%(upstream:remotename)%00%(upstream:remoteref) refs/heads/main refs/remotes/main [3ms]
2026-03-15 22:38:21.937 [info] > git status -z -uall [23ms]
2026-03-15 22:38:21.937 [info] > git for-each-ref --sort -committerdate --format %(refname)%00%(objectname)%00%(*objectname) [4ms]
2026-03-15 22:38:22.365 [info] > git check-ignore -v -z --stdin [4ms]
2026-03-15 22:38:52.630 [info] > git config --get commit.template [4ms]
2026-03-15 22:38:52.642 [info] > git for-each-ref --format=%(refname)%00%(upstream:short)%00%(objectname)%00%(upstream:track)%00%(upstream:remotename)%00%(upstream:remoteref) refs/heads/main refs/remotes/main [1ms]
2026-03-15 22:38:52.660 [info] > git status -z -uall [10ms]
2026-03-15 22:38:52.675 [info] > git for-each-ref --sort -committerdate --format %(refname)%00%(objectname)%00%(*objectname) [16ms]
2026-03-15 22:39:21.679 [info] > git config --get commit.template [11ms]
2026-03-15 22:39:21.681 [info] > git for-each-ref --format=%(refname)%00%(upstream:short)%00%(objectname)%00%(upstream:track)%00%(upstream:remotename)%00%(upstream:remoteref) refs/heads/main refs/remotes/main [3ms]
2026-03-15 22:39:21.713 [info] > git status -z -uall [20ms]
2026-03-15 22:39:21.715 [info] > git for-each-ref --sort -committerdate --format %(refname)%00%(objectname)%00%(*objectname) [3ms]
2026-03-15 22:39:26.797 [info] > git config --get commit.template [12ms]
2026-03-15 22:39:26.798 [info] > git for-each-ref --format=%(refname)%00%(upstream:short)%00%(objectname)%00%(upstream:track)%00%(upstream:remotename)%00%(upstream:remoteref) refs/heads/main refs/remotes/main [5ms]
2026-03-15 22:39:26.822 [info] > git status -z -uall [17ms]
2026-03-15 22:39:26.823 [info] > git for-each-ref --sort -committerdate --format %(refname)%00%(objectname)%00%(*objectname) [2ms]
2026-03-15 22:39:55.278 [info] > git config --get commit.template [0ms]
2026-03-15 22:39:55.296 [info] > git for-each-ref --format=%(refname)%00%(upstream:short)%00%(objectname)%00%(upstream:track)%00%(upstream:remotename)%00%(upstream:remoteref) refs/heads/main refs/remotes/main [3ms]
2026-03-15 22:39:55.320 [info] > git status -z -uall [12ms]
2026-03-15 22:39:55.322 [info] > git for-each-ref --sort -committerdate --format %(refname)%00%(objectname)%00%(*objectname) [3ms]
2026-03-15 22:40:09.565 [info] > git config --get commit.template [3ms]
2026-03-15 22:40:09.580 [info] > git for-each-ref --format=%(refname)%00%(upstream:short)%00%(objectname)%00%(upstream:track)%00%(upstream:remotename)%00%(upstream:remoteref) refs/heads/main refs/remotes/main [3ms]
2026-03-15 22:40:09.599 [info] > git status -z -uall [9ms]
2026-03-15 22:40:09.600 [info] > git for-each-ref --sort -committerdate --format %(refname)%00%(objectname)%00%(*objectname) [2ms]
2026-03-15 22:41:30.856 [info] > git config --get commit.template [4ms]
2026-03-15 22:41:30.868 [info] > git for-each-ref --format=%(refname)%00%(upstream:short)%00%(objectname)%00%(upstream:track)%00%(upstream:remotename)%00%(upstream:remoteref) refs/heads/main refs/remotes/main [1ms]
2026-03-15 22:41:30.894 [info] > git status -z -uall [16ms]
2026-03-15 22:41:30.895 [info] > git for-each-ref --sort -committerdate --format %(refname)%00%(objectname)%00%(*objectname) [4ms]
2026-03-15 22:41:37.605 [info] > git config --get commit.template [11ms]
2026-03-15 22:41:37.608 [info] > git for-each-ref --format=%(refname)%00%(upstream:short)%00%(objectname)%00%(upstream:track)%00%(upstream:remotename)%00%(upstream:remoteref) refs/heads/main refs/remotes/main [5ms]
2026-03-15 22:41:37.627 [info] > git status -z -uall [10ms]
2026-03-15 22:41:37.630 [info] > git for-each-ref --sort -committerdate --format %(refname)%00%(objectname)%00%(*objectname) [4ms]
2026-03-15 22:41:42.878 [info] > git config --get commit.template [1ms]
2026-03-15 22:41:42.896 [info] > git for-each-ref --format=%(refname)%00%(upstream:short)%00%(objectname)%00%(upstream:track)%00%(upstream:remotename)%00%(upstream:remoteref) refs/heads/main refs/remotes/main [4ms]
2026-03-15 22:41:42.919 [info] > git status -z -uall [14ms]
2026-03-15 22:41:42.921 [info] > git for-each-ref --sort -committerdate --format %(refname)%00%(objectname)%00%(*objectname) [5ms]
2026-03-15 22:41:47.934 [info] > git config --get commit.template [3ms]
2026-03-15 22:41:47.944 [info] > git for-each-ref --format=%(refname)%00%(upstream:short)%00%(objectname)%00%(upstream:track)%00%(upstream:remotename)%00%(upstream:remoteref) refs/heads/main refs/remotes/main [2ms]
2026-03-15 22:41:47.965 [info] > git status -z -uall [10ms]
2026-03-15 22:41:47.967 [info] > git for-each-ref --sort -committerdate --format %(refname)%00%(objectname)%00%(*objectname) [3ms]
2026-03-15 22:41:56.545 [info] > git config --get commit.template [20ms]
2026-03-15 22:41:56.546 [info] > git for-each-ref --format=%(refname)%00%(upstream:short)%00%(objectname)%00%(upstream:track)%00%(upstream:remotename)%00%(upstream:remoteref) refs/heads/main refs/remotes/main [4ms]
2026-03-15 22:41:56.571 [info] > git status -z -uall [17ms]
2026-03-15 22:41:56.574 [info] > git for-each-ref --sort -committerdate --format %(refname)%00%(objectname)%00%(*objectname) [4ms]
2026-03-15 22:42:04.993 [info] > git config --get commit.template [1ms]
2026-03-15 22:42:05.013 [info] > git for-each-ref --format=%(refname)%00%(upstream:short)%00%(objectname)%00%(upstream:track)%00%(upstream:remotename)%00%(upstream:remoteref) refs/heads/main refs/remotes/main [6ms]
2026-03-15 22:42:05.039 [info] > git status -z -uall [11ms]
2026-03-15 22:42:05.047 [info] > git for-each-ref --sort -committerdate --format %(refname)%00%(objectname)%00%(*objectname) [9ms]
2026-03-15 22:42:16.712 [info] > git config --get commit.template [4ms]
2026-03-15 22:42:16.722 [info] > git for-each-ref --format=%(refname)%00%(upstream:short)%00%(objectname)%00%(upstream:track)%00%(upstream:remotename)%00%(upstream:remoteref) refs/heads/main refs/remotes/main [2ms]
2026-03-15 22:42:16.738 [info] > git status -z -uall [9ms]
2026-03-15 22:42:16.742 [info] > git for-each-ref --sort -committerdate --format %(refname)%00%(objectname)%00%(*objectname) [4ms]
2026-03-15 22:42:28.267 [info] > git config --get commit.template [9ms]
2026-03-15 22:42:28.269 [info] > git for-each-ref --format=%(refname)%00%(upstream:short)%00%(objectname)%00%(upstream:track)%00%(upstream:remotename)%00%(upstream:remoteref) refs/heads/main refs/remotes/main [3ms]
2026-03-15 22:42:28.288 [info] > git status -z -uall [11ms]
2026-03-15 22:42:28.290 [info] > git for-each-ref --sort -committerdate --format %(refname)%00%(objectname)%00%(*objectname) [3ms]
2026-03-15 22:42:33.303 [info] > git config --get commit.template [2ms]
2026-03-15 22:42:33.320 [info] > git for-each-ref --format=%(refname)%00%(upstream:short)%00%(objectname)%00%(upstream:track)%00%(upstream:remotename)%00%(upstream:remoteref) refs/heads/main refs/remotes/main [2ms]
2026-03-15 22:42:33.348 [info] > git status -z -uall [16ms]
2026-03-15 22:42:33.348 [info] > git for-each-ref --sort -committerdate --format %(refname)%00%(objectname)%00%(*objectname) [4ms]
2026-03-15 22:42:38.375 [info] > git config --get commit.template [18ms]
2026-03-15 22:42:38.377 [info] > git for-each-ref --format=%(refname)%00%(upstream:short)%00%(objectname)%00%(upstream:track)%00%(upstream:remotename)%00%(upstream:remoteref) refs/heads/main refs/remotes/main [3ms]
2026-03-15 22:42:38.397 [info] > git status -z -uall [12ms]
2026-03-15 22:42:38.397 [info] > git for-each-ref --sort -committerdate --format %(refname)%00%(objectname)%00%(*objectname) [3ms]
2026-03-15 22:42:43.418 [info] > git config --get commit.template [4ms]
2026-03-15 22:42:43.434 [info] > git for-each-ref --format=%(refname)%00%(upstream:short)%00%(objectname)%00%(upstream:track)%00%(upstream:remotename)%00%(upstream:remoteref) refs/heads/main refs/remotes/main [2ms]
2026-03-15 22:42:43.457 [info] > git status -z -uall [14ms]
2026-03-15 22:42:43.462 [info] > git for-each-ref --sort -committerdate --format %(refname)%00%(objectname)%00%(*objectname) [6ms]
2026-03-15 22:42:50.496 [info] > git config --get commit.template [3ms]
2026-03-15 22:42:50.509 [info] > git for-each-ref --format=%(refname)%00%(upstream:short)%00%(objectname)%00%(upstream:track)%00%(upstream:remotename)%00%(upstream:remoteref) refs/heads/main refs/remotes/main [4ms]
2026-03-15 22:42:50.544 [info] > git status -z -uall [20ms]
2026-03-15 22:42:50.546 [info] > git for-each-ref --sort -committerdate --format %(refname)%00%(objectname)%00%(*objectname) [3ms]
2026-03-15 22:42:55.562 [info] > git config --get commit.template [3ms]
2026-03-15 22:42:55.577 [info] > git for-each-ref --format=%(refname)%00%(upstream:short)%00%(objectname)%00%(upstream:track)%00%(upstream:remotename)%00%(upstream:remoteref) refs/heads/main refs/remotes/main [4ms]
2026-03-15 22:42:55.600 [info] > git status -z -uall [14ms]
2026-03-15 22:42:55.602 [info] > git for-each-ref --sort -committerdate --format %(refname)%00%(objectname)%00%(*objectname) [3ms]
2026-03-15 22:43:00.616 [info] > git config --get commit.template [4ms]
2026-03-15 22:43:00.625 [info] > git for-each-ref --format=%(refname)%00%(upstream:short)%00%(objectname)%00%(upstream:track)%00%(upstream:remotename)%00%(upstream:remoteref) refs/heads/main refs/remotes/main [2ms]
2026-03-15 22:43:00.653 [info] > git status -z -uall [20ms]
2026-03-15 22:43:00.653 [info] > git for-each-ref --sort -committerdate --format %(refname)%00%(objectname)%00%(*objectname) [7ms]
2026-03-15 22:43:05.673 [info] > git config --get commit.template [3ms]
2026-03-15 22:43:05.691 [info] > git for-each-ref --format=%(refname)%00%(upstream:short)%00%(objectname)%00%(upstream:track)%00%(upstream:remotename)%00%(upstream:remoteref) refs/heads/main refs/remotes/main [2ms]
2026-03-15 22:43:05.720 [info] > git status -z -uall [17ms]
2026-03-15 22:43:05.742 [info] > git for-each-ref --sort -committerdate --format %(refname)%00%(objectname)%00%(*objectname) [23ms]
2026-03-15 22:43:10.757 [info] > git config --get commit.template [3ms]
2026-03-15 22:43:10.772 [info] > git for-each-ref --format=%(refname)%00%(upstream:short)%00%(objectname)%00%(upstream:track)%00%(upstream:remotename)%00%(upstream:remoteref) refs/heads/main refs/remotes/main [2ms]
2026-03-15 22:43:10.805 [info] > git status -z -uall [16ms]
2026-03-15 22:43:10.805 [info] > git for-each-ref --sort -committerdate --format %(refname)%00%(objectname)%00%(*objectname) [1ms]
2026-03-15 22:43:15.819 [info] > git config --get commit.template [5ms]
2026-03-15 22:43:15.834 [info] > git for-each-ref --format=%(refname)%00%(upstream:short)%00%(objectname)%00%(upstream:track)%00%(upstream:remotename)%00%(upstream:remoteref) refs/heads/main refs/remotes/main [2ms]
2026-03-15 22:43:15.865 [info] > git status -z -uall [19ms]
2026-03-15 22:43:15.865 [info] > git for-each-ref --sort -committerdate --format %(refname)%00%(objectname)%00%(*objectname) [2ms]
2026-03-15 22:43:20.880 [info] > git config --get commit.template [2ms]
2026-03-15 22:43:20.918 [info] > git for-each-ref --format=%(refname)%00%(upstream:short)%00%(objectname)%00%(upstream:track)%00%(upstream:remotename)%00%(upstream:remoteref) refs/heads/main refs/remotes/main [3ms]
2026-03-15 22:43:20.987 [info] > git status -z -uall [41ms]
2026-03-15 22:43:20.990 [info] > git for-each-ref --sort -committerdate --format %(refname)%00%(objectname)%00%(*objectname) [9ms]
2026-03-15 22:43:26.008 [info] > git config --get commit.template [6ms]
2026-03-15 22:43:26.020 [info] > git for-each-ref --format=%(refname)%00%(upstream:short)%00%(objectname)%00%(upstream:track)%00%(upstream:remotename)%00%(upstream:remoteref) refs/heads/main refs/remotes/main [3ms]
2026-03-15 22:43:26.043 [info] > git status -z -uall [12ms]
2026-03-15 22:43:26.046 [info] > git for-each-ref --sort -committerdate --format %(refname)%00%(objectname)%00%(*objectname) [3ms]
2026-03-15 22:43:34.777 [info] > git config --get commit.template [21ms]
2026-03-15 22:43:34.781 [info] > git for-each-ref --format=%(refname)%00%(upstream:short)%00%(objectname)%00%(upstream:track)%00%(upstream:remotename)%00%(upstream:remoteref) refs/heads/main refs/remotes/main [4ms]
2026-03-15 22:43:34.816 [info] > git status -z -uall [14ms]
2026-03-15 22:43:34.816 [info] > git for-each-ref --sort -committerdate --format %(refname)%00%(objectname)%00%(*objectname) [3ms]
2026-03-15 22:43:45.035 [info] > git config --get commit.template [9ms]
2026-03-15 22:43:45.037 [info] > git for-each-ref --format=%(refname)%00%(upstream:short)%00%(objectname)%00%(upstream:track)%00%(upstream:remotename)%00%(upstream:remoteref) refs/heads/main refs/remotes/main [3ms]
2026-03-15 22:43:45.069 [info] > git status -z -uall [16ms]
2026-03-15 22:43:45.069 [info] > git for-each-ref --sort -committerdate --format %(refname)%00%(objectname)%00%(*objectname) [2ms]
2026-03-15 22:44:12.441 [info] > git config --get commit.template [8ms]
2026-03-15 22:44:12.443 [info] > git for-each-ref --format=%(refname)%00%(upstream:short)%00%(objectname)%00%(upstream:track)%00%(upstream:remotename)%00%(upstream:remoteref) refs/heads/main refs/remotes/main [3ms]
2026-03-15 22:44:12.462 [info] > git status -z -uall [12ms]
2026-03-15 22:44:12.463 [info] > git for-each-ref --sort -committerdate --format %(refname)%00%(objectname)%00%(*objectname) [4ms]
2026-03-15 22:44:20.875 [info] > git config --get commit.template [18ms]
2026-03-15 22:44:20.876 [info] > git for-each-ref --format=%(refname)%00%(upstream:short)%00%(objectname)%00%(upstream:track)%00%(upstream:remotename)%00%(upstream:remoteref) refs/heads/main refs/remotes/main [2ms]
2026-03-15 22:44:20.921 [info] > git status -z -uall [27ms]
2026-03-15 22:44:20.922 [info] > git for-each-ref --sort -committerdate --format %(refname)%00%(objectname)%00%(*objectname) [3ms]
2026-03-15 22:44:27.030 [info] > git config --get commit.template [13ms]
2026-03-15 22:44:27.032 [info] > git for-each-ref --format=%(refname)%00%(upstream:short)%00%(objectname)%00%(upstream:track)%00%(upstream:remotename)%00%(upstream:remoteref) refs/heads/main refs/remotes/main [3ms]
2026-03-15 22:44:27.054 [info] > git status -z -uall [13ms]
2026-03-15 22:44:27.056 [info] > git for-each-ref --sort -committerdate --format %(refname)%00%(objectname)%00%(*objectname) [2ms]
2026-03-15 22:44:32.068 [info] > git config --get commit.template [4ms]
2026-03-15 22:44:32.085 [info] > git for-each-ref --format=%(refname)%00%(upstream:short)%00%(objectname)%00%(upstream:track)%00%(upstream:remotename)%00%(upstream:remoteref) refs/heads/main refs/remotes/main [6ms]
2026-03-15 22:44:32.103 [info] > git status -z -uall [10ms]
2026-03-15 22:44:32.106 [info] > git for-each-ref --sort -committerdate --format %(refname)%00%(objectname)%00%(*objectname) [3ms]
2026-03-15 22:44:37.133 [info] > git for-each-ref --format=%(refname)%00%(upstream:short)%00%(objectname)%00%(upstream:track)%00%(upstream:remotename)%00%(upstream:remoteref) refs/heads/main refs/remotes/main [1ms]
2026-03-15 22:44:37.133 [info] > git config --get commit.template [13ms]
2026-03-15 22:44:37.153 [info] > git status -z -uall [12ms]
2026-03-15 22:44:37.153 [info] > git for-each-ref --sort -committerdate --format %(refname)%00%(objectname)%00%(*objectname) [0ms]
2026-03-15 22:44:47.654 [info] > git config --get commit.template [20ms]
2026-03-15 22:44:47.657 [info] > git for-each-ref --format=%(refname)%00%(upstream:short)%00%(objectname)%00%(upstream:track)%00%(upstream:remotename)%00%(upstream:remoteref) refs/heads/main refs/remotes/main [3ms]
2026-03-15 22:44:47.705 [info] > git status -z -uall [23ms]
2026-03-15 22:44:47.709 [info] > git for-each-ref --sort -committerdate --format %(refname)%00%(objectname)%00%(*objectname) [7ms]
2026-03-15 22:44:58.985 [info] > git config --get commit.template [14ms]
2026-03-15 22:44:58.986 [info] > git for-each-ref --format=%(refname)%00%(upstream:short)%00%(objectname)%00%(upstream:track)%00%(upstream:remotename)%00%(upstream:remoteref) refs/heads/main refs/remotes/main [1ms]
2026-03-15 22:44:59.005 [info] > git status -z -uall [8ms]
2026-03-15 22:44:59.010 [info] > git for-each-ref --sort -committerdate --format %(refname)%00%(objectname)%00%(*objectname) [6ms]
2026-03-15 22:45:04.023 [info] > git config --get commit.template [3ms]
2026-03-15 22:45:04.032 [info] > git for-each-ref --format=%(refname)%00%(upstream:short)%00%(objectname)%00%(upstream:track)%00%(upstream:remotename)%00%(upstream:remoteref) refs/heads/main refs/remotes/main [2ms]
2026-03-15 22:45:04.049 [info] > git status -z -uall [10ms]
2026-03-15 22:45:04.057 [info] > git for-each-ref --sort -committerdate --format %(refname)%00%(objectname)%00%(*objectname) [9ms]
2026-03-15 22:45:09.620 [info] > git config --get commit.template [1ms]
2026-03-15 22:45:09.640 [info] > git for-each-ref --format=%(refname)%00%(upstream:short)%00%(objectname)%00%(upstream:track)%00%(upstream:remotename)%00%(upstream:remoteref) refs/heads/main refs/remotes/main [6ms]
2026-03-15 22:45:09.660 [info] > git status -z -uall [10ms]
2026-03-15 22:45:09.669 [info] > git for-each-ref --sort -committerdate --format %(refname)%00%(objectname)%00%(*objectname) [10ms]
2026-03-15 22:45:14.682 [info] > git config --get commit.template [3ms]
2026-03-15 22:45:14.692 [info] > git for-each-ref --format=%(refname)%00%(upstream:short)%00%(objectname)%00%(upstream:track)%00%(upstream:remotename)%00%(upstream:remoteref) refs/heads/main refs/remotes/main [2ms]
2026-03-15 22:45:14.709 [info] > git status -z -uall [10ms]
2026-03-15 22:45:14.716 [info] > git for-each-ref --sort -committerdate --format %(refname)%00%(objectname)%00%(*objectname) [9ms]
2026-03-15 22:45:23.284 [info] > git config --get commit.template [9ms]
2026-03-15 22:45:23.285 [info] > git for-each-ref --format=%(refname)%00%(upstream:short)%00%(objectname)%00%(upstream:track)%00%(upstream:remotename)%00%(upstream:remoteref) refs/heads/main refs/remotes/main [2ms]
2026-03-15 22:45:23.309 [info] > git status -z -uall [16ms]
2026-03-15 22:45:23.313 [info] > git for-each-ref --sort -committerdate --format %(refname)%00%(objectname)%00%(*objectname) [6ms]
2026-03-15 22:45:28.343 [info] > git config --get commit.template [1ms]
2026-03-15 22:45:28.356 [info] > git for-each-ref --format=%(refname)%00%(upstream:short)%00%(objectname)%00%(upstream:track)%00%(upstream:remotename)%00%(upstream:remoteref) refs/heads/main refs/remotes/main [2ms]
2026-03-15 22:45:28.386 [info] > git status -z -uall [16ms]
2026-03-15 22:45:28.388 [info] > git for-each-ref --sort -committerdate --format %(refname)%00%(objectname)%00%(*objectname) [5ms]
2026-03-15 22:45:33.404 [info] > git config --get commit.template [5ms]
2026-03-15 22:45:33.414 [info] > git for-each-ref --format=%(refname)%00%(upstream:short)%00%(objectname)%00%(upstream:track)%00%(upstream:remotename)%00%(upstream:remoteref) refs/heads/main refs/remotes/main [3ms]
2026-03-15 22:45:33.441 [info] > git status -z -uall [14ms]
2026-03-15 22:45:33.442 [info] > git for-each-ref --sort -committerdate --format %(refname)%00%(objectname)%00%(*objectname) [6ms]
2026-03-15 22:45:41.561 [info] > git config --get commit.template [17ms]
2026-03-15 22:45:41.564 [info] > git for-each-ref --format=%(refname)%00%(upstream:short)%00%(objectname)%00%(upstream:track)%00%(upstream:remotename)%00%(upstream:remoteref) refs/heads/main refs/remotes/main [4ms]
2026-03-15 22:45:41.596 [info] > git status -z -uall [19ms]
2026-03-15 22:45:41.596 [info] > git for-each-ref --sort -committerdate --format %(refname)%00%(objectname)%00%(*objectname) [5ms]
2026-03-15 22:45:47.448 [info] > git config --get commit.template [2ms]
2026-03-15 22:45:47.462 [info] > git for-each-ref --format=%(refname)%00%(upstream:short)%00%(objectname)%00%(upstream:track)%00%(upstream:remotename)%00%(upstream:remoteref) refs/heads/main refs/remotes/main [3ms]
2026-03-15 22:45:47.491 [info] > git status -z -uall [15ms]
2026-03-15 22:45:47.494 [info] > git for-each-ref --sort -committerdate --format %(refname)%00%(objectname)%00%(*objectname) [5ms]
2026-03-15 22:45:55.555 [info] > git config --get commit.template [2ms]
2026-03-15 22:45:55.570 [info] > git for-each-ref --format=%(refname)%00%(upstream:short)%00%(objectname)%00%(upstream:track)%00%(upstream:remotename)%00%(upstream:remoteref) refs/heads/main refs/remotes/main [2ms]
2026-03-15 22:45:55.592 [info] > git status -z -uall [11ms]
2026-03-15 22:45:55.593 [info] > git for-each-ref --sort -committerdate --format %(refname)%00%(objectname)%00%(*objectname) [2ms]
2026-03-15 22:46:01.520 [info] > git config --get commit.template [1ms]
2026-03-15 22:46:01.533 [info] > git for-each-ref --format=%(refname)%00%(upstream:short)%00%(objectname)%00%(upstream:track)%00%(upstream:remotename)%00%(upstream:remoteref) refs/heads/main refs/remotes/main [3ms]
2026-03-15 22:46:01.565 [info] > git status -z -uall [16ms]
2026-03-15 22:46:01.568 [info] > git for-each-ref --sort -committerdate --format %(refname)%00%(objectname)%00%(*objectname) [3ms]
2026-03-15 22:46:06.583 [info] > git config --get commit.template [5ms]
2026-03-15 22:46:06.600 [info] > git for-each-ref --format=%(refname)%00%(upstream:short)%00%(objectname)%00%(upstream:track)%00%(upstream:remotename)%00%(upstream:remoteref) refs/heads/main refs/remotes/main [4ms]
2026-03-15 22:46:06.630 [info] > git status -z -uall [17ms]
2026-03-15 22:46:06.632 [info] > git for-each-ref --sort -committerdate --format %(refname)%00%(objectname)%00%(*objectname) [2ms]
2026-03-15 22:47:06.253 [info] > git config --get commit.template [29ms]
2026-03-15 22:47:06.263 [info] > git for-each-ref --format=%(refname)%00%(upstream:short)%00%(objectname)%00%(upstream:track)%00%(upstream:remotename)%00%(upstream:remoteref) refs/heads/main refs/remotes/main [16ms]
2026-03-15 22:47:06.388 [info] > git status -z -uall [63ms]
2026-03-15 22:47:06.395 [info] > git for-each-ref --sort -committerdate --format %(refname)%00%(objectname)%00%(*objectname) [10ms]
2026-03-15 22:47:16.224 [info] > git config --get commit.template [13ms]
2026-03-15 22:47:16.228 [info] > git for-each-ref --format=%(refname)%00%(upstream:short)%00%(objectname)%00%(upstream:track)%00%(upstream:remotename)%00%(upstream:remoteref) refs/heads/main refs/remotes/main [4ms]
2026-03-15 22:47:16.261 [info] > git status -z -uall [18ms]
2026-03-15 22:47:16.262 [info] > git for-each-ref --sort -committerdate --format %(refname)%00%(objectname)%00%(*objectname) [4ms]
2026-03-15 22:47:35.593 [info] > git config --get commit.template [2ms]
2026-03-15 22:47:35.608 [info] > git for-each-ref --format=%(refname)%00%(upstream:short)%00%(objectname)%00%(upstream:track)%00%(upstream:remotename)%00%(upstream:remoteref) refs/heads/main refs/remotes/main [5ms]
2026-03-15 22:47:35.640 [info] > git status -z -uall [18ms]
2026-03-15 22:47:35.641 [info] > git for-each-ref --sort -committerdate --format %(refname)%00%(objectname)%00%(*objectname) [3ms]
2026-03-15 22:47:40.654 [info] > git config --get commit.template [2ms]
2026-03-15 22:47:40.665 [info] > git for-each-ref --format=%(refname)%00%(upstream:short)%00%(objectname)%00%(upstream:track)%00%(upstream:remotename)%00%(upstream:remoteref) refs/heads/main refs/remotes/main [4ms]
2026-03-15 22:47:40.688 [info] > git status -z -uall [14ms]
2026-03-15 22:47:40.689 [info] > git for-each-ref --sort -committerdate --format %(refname)%00%(objectname)%00%(*objectname) [5ms]
2026-03-15 22:47:50.344 [info] > git config --get commit.template [1ms]
2026-03-15 22:47:50.357 [info] > git for-each-ref --format=%(refname)%00%(upstream:short)%00%(objectname)%00%(upstream:track)%00%(upstream:remotename)%00%(upstream:remoteref) refs/heads/main refs/remotes/main [3ms]
2026-03-15 22:47:50.393 [info] > git status -z -uall [29ms]
2026-03-15 22:47:50.402 [info] > git for-each-ref --sort -committerdate --format %(refname)%00%(objectname)%00%(*objectname) [11ms]
2026-03-15 22:47:57.708 [info] > git config --get commit.template [12ms]
2026-03-15 22:47:57.712 [info] > git for-each-ref --format=%(refname)%00%(upstream:short)%00%(objectname)%00%(upstream:track)%00%(upstream:remotename)%00%(upstream:remoteref) refs/heads/main refs/remotes/main [5ms]
2026-03-15 22:47:57.746 [info] > git status -z -uall [19ms]
2026-03-15 22:47:57.747 [info] > git for-each-ref --sort -committerdate --format %(refname)%00%(objectname)%00%(*objectname) [4ms]
2026-03-15 22:48:02.758 [info] > git config --get commit.template [2ms]
2026-03-15 22:48:02.775 [info] > git for-each-ref --format=%(refname)%00%(upstream:short)%00%(objectname)%00%(upstream:track)%00%(upstream:remotename)%00%(upstream:remoteref) refs/heads/main refs/remotes/main [3ms]
2026-03-15 22:48:02.793 [info] > git status -z -uall [10ms]
2026-03-15 22:48:02.794 [info] > git for-each-ref --sort -committerdate --format %(refname)%00%(objectname)%00%(*objectname) [2ms]
2026-03-15 22:48:07.807 [info] > git config --get commit.template [1ms]
2026-03-15 22:48:07.821 [info] > git for-each-ref --format=%(refname)%00%(upstream:short)%00%(objectname)%00%(upstream:track)%00%(upstream:remotename)%00%(upstream:remoteref) refs/heads/main refs/remotes/main [5ms]
2026-03-15 22:48:07.846 [info] > git status -z -uall [13ms]
2026-03-15 22:48:07.851 [info] > git for-each-ref --sort -committerdate --format %(refname)%00%(objectname)%00%(*objectname) [6ms]
2026-03-15 22:48:14.872 [info] > git config --get commit.template [3ms]
2026-03-15 22:48:14.888 [info] > git for-each-ref --format=%(refname)%00%(upstream:short)%00%(objectname)%00%(upstream:track)%00%(upstream:remotename)%00%(upstream:remoteref) refs/heads/main refs/remotes/main [2ms]
2026-03-15 22:48:14.908 [info] > git status -z -uall [12ms]
2026-03-15 22:48:14.912 [info] > git for-each-ref --sort -committerdate --format %(refname)%00%(objectname)%00%(*objectname) [6ms]
2026-03-15 22:48:19.935 [info] > git config --get commit.template [12ms]
2026-03-15 22:48:19.936 [info] > git for-each-ref --format=%(refname)%00%(upstream:short)%00%(objectname)%00%(upstream:track)%00%(upstream:remotename)%00%(upstream:remoteref) refs/heads/main refs/remotes/main [2ms]
2026-03-15 22:48:19.954 [info] > git status -z -uall [11ms]
2026-03-15 22:48:19.954 [info] > git for-each-ref --sort -committerdate --format %(refname)%00%(objectname)%00%(*objectname) [2ms]
2026-03-15 22:48:24.967 [info] > git config --get commit.template [4ms]
2026-03-15 22:48:24.981 [info] > git for-each-ref --format=%(refname)%00%(upstream:short)%00%(objectname)%00%(upstream:track)%00%(upstream:remotename)%00%(upstream:remoteref) refs/heads/main refs/remotes/main [5ms]
2026-03-15 22:48:25.009 [info] > git status -z -uall [17ms]
2026-03-15 22:48:25.011 [info] > git for-each-ref --sort -committerdate --format %(refname)%00%(objectname)%00%(*objectname) [3ms]
2026-03-15 22:48:30.045 [info] > git config --get commit.template [12ms]
2026-03-15 22:48:30.049 [info] > git for-each-ref --format=%(refname)%00%(upstream:short)%00%(objectname)%00%(upstream:track)%00%(upstream:remotename)%00%(upstream:remoteref) refs/heads/main refs/remotes/main [5ms]
2026-03-15 22:48:30.095 [info] > git status -z -uall [27ms]
2026-03-15 22:48:30.099 [info] > git for-each-ref --sort -committerdate --format %(refname)%00%(objectname)%00%(*objectname) [6ms]
2026-03-15 22:48:35.111 [info] > git config --get commit.template [3ms]
2026-03-15 22:48:35.126 [info] > git for-each-ref --format=%(refname)%00%(upstream:short)%00%(objectname)%00%(upstream:track)%00%(upstream:remotename)%00%(upstream:remoteref) refs/heads/main refs/remotes/main [3ms]
2026-03-15 22:48:35.154 [info] > git status -z -uall [15ms]
2026-03-15 22:48:35.155 [info] > git for-each-ref --sort -committerdate --format %(refname)%00%(objectname)%00%(*objectname) [2ms]
2026-03-15 22:48:40.168 [info] > git config --get commit.template [4ms]
2026-03-15 22:48:40.187 [info] > git for-each-ref --format=%(refname)%00%(upstream:short)%00%(objectname)%00%(upstream:track)%00%(upstream:remotename)%00%(upstream:remoteref) refs/heads/main refs/remotes/main [5ms]
2026-03-15 22:48:40.219 [info] > git status -z -uall [15ms]
2026-03-15 22:48:40.223 [info] > git for-each-ref --sort -committerdate --format %(refname)%00%(objectname)%00%(*objectname) [7ms]
2026-03-15 22:48:45.237 [info] > git config --get commit.template [4ms]
2026-03-15 22:48:45.252 [info] > git for-each-ref --format=%(refname)%00%(upstream:short)%00%(objectname)%00%(upstream:track)%00%(upstream:remotename)%00%(upstream:remoteref) refs/heads/main refs/remotes/main [3ms]
2026-03-15 22:48:45.283 [info] > git status -z -uall [19ms]
2026-03-15 22:48:45.288 [info] > git for-each-ref --sort -committerdate --format %(refname)%00%(objectname)%00%(*objectname) [7ms]
2026-03-15 22:49:07.415 [info] > git config --get commit.template [2ms]
2026-03-15 22:49:07.424 [info] > git for-each-ref --format=%(refname)%00%(upstream:short)%00%(objectname)%00%(upstream:track)%00%(upstream:remotename)%00%(upstream:remoteref) refs/heads/main refs/remotes/main [1ms]
2026-03-15 22:49:07.444 [info] > git status -z -uall [11ms]
2026-03-15 22:49:07.447 [info] > git for-each-ref --sort -committerdate --format %(refname)%00%(objectname)%00%(*objectname) [5ms]
2026-03-15 22:51:36.705 [info] > git config --get commit.template [14ms]
2026-03-15 22:51:36.707 [info] > git for-each-ref --format=%(refname)%00%(upstream:short)%00%(objectname)%00%(upstream:track)%00%(upstream:remotename)%00%(upstream:remoteref) refs/heads/main refs/remotes/main [3ms]
2026-03-15 22:51:36.733 [info] > git status -z -uall [19ms]
2026-03-15 22:51:36.740 [info] > git for-each-ref --sort -committerdate --format %(refname)%00%(objectname)%00%(*objectname) [9ms]
2026-03-15 22:51:42.185 [info] > git config --get commit.template [12ms]
2026-03-15 22:51:42.189 [info] > git for-each-ref --format=%(refname)%00%(upstream:short)%00%(objectname)%00%(upstream:track)%00%(upstream:remotename)%00%(upstream:remoteref) refs/heads/main refs/remotes/main [5ms]
2026-03-15 22:51:42.221 [info] > git status -z -uall [20ms]
2026-03-15 22:51:42.229 [info] > git for-each-ref --sort -committerdate --format %(refname)%00%(objectname)%00%(*objectname) [12ms]
2026-03-15 22:51:47.243 [info] > git config --get commit.template [2ms]
2026-03-15 22:51:47.255 [info] > git for-each-ref --format=%(refname)%00%(upstream:short)%00%(objectname)%00%(upstream:track)%00%(upstream:remotename)%00%(upstream:remoteref) refs/heads/main refs/remotes/main [1ms]
2026-03-15 22:51:47.279 [info] > git status -z -uall [14ms]
2026-03-15 22:51:47.284 [info] > git for-each-ref --sort -committerdate --format %(refname)%00%(objectname)%00%(*objectname) [7ms]
2026-03-15 22:51:53.401 [info] > git config --get commit.template [3ms]
2026-03-15 22:51:53.421 [info] > git for-each-ref --format=%(refname)%00%(upstream:short)%00%(objectname)%00%(upstream:track)%00%(upstream:remotename)%00%(upstream:remoteref) refs/heads/main refs/remotes/main [6ms]
2026-03-15 22:51:53.465 [info] > git status -z -uall [30ms]
2026-03-15 22:51:53.474 [info] > git for-each-ref --sort -committerdate --format %(refname)%00%(objectname)%00%(*objectname) [9ms]
2026-03-15 22:51:59.833 [info] > git config --get commit.template [2ms]
2026-03-15 22:51:59.847 [info] > git for-each-ref --format=%(refname)%00%(upstream:short)%00%(objectname)%00%(upstream:track)%00%(upstream:remotename)%00%(upstream:remoteref) refs/heads/main refs/remotes/main [5ms]
2026-03-15 22:51:59.864 [info] > git status -z -uall [9ms]
2026-03-15 22:51:59.866 [info] > git for-each-ref --sort -committerdate --format %(refname)%00%(objectname)%00%(*objectname) [3ms]
2026-03-15 22:52:44.075 [info] > git config --get commit.template [11ms]
2026-03-15 22:52:44.078 [info] > git for-each-ref --format=%(refname)%00%(upstream:short)%00%(objectname)%00%(upstream:track)%00%(upstream:remotename)%00%(upstream:remoteref) refs/heads/main refs/remotes/main [4ms]
2026-03-15 22:52:44.106 [info] > git status -z -uall [16ms]
2026-03-15 22:52:44.108 [info] > git for-each-ref --sort -committerdate --format %(refname)%00%(objectname)%00%(*objectname) [5ms]
2026-03-15 22:52:49.121 [info] > git config --get commit.template [1ms]
2026-03-15 22:52:49.138 [info] > git for-each-ref --format=%(refname)%00%(upstream:short)%00%(objectname)%00%(upstream:track)%00%(upstream:remotename)%00%(upstream:remoteref) refs/heads/main refs/remotes/main [4ms]
2026-03-15 22:52:49.166 [info] > git status -z -uall [18ms]
2026-03-15 22:52:49.167 [info] > git for-each-ref --sort -committerdate --format %(refname)%00%(objectname)%00%(*objectname) [2ms]
2026-03-15 22:52:54.181 [info] > git config --get commit.template [6ms]
2026-03-15 22:52:54.196 [info] > git for-each-ref --format=%(refname)%00%(upstream:short)%00%(objectname)%00%(upstream:track)%00%(upstream:remotename)%00%(upstream:remoteref) refs/heads/main refs/remotes/main [1ms]
2026-03-15 22:52:54.219 [info] > git status -z -uall [13ms]
2026-03-15 22:52:54.221 [info] > git for-each-ref --sort -committerdate --format %(refname)%00%(objectname)%00%(*objectname) [2ms]
2026-03-15 22:52:59.232 [info] > git config --get commit.template [3ms]
2026-03-15 22:52:59.242 [info] > git for-each-ref --format=%(refname)%00%(upstream:short)%00%(objectname)%00%(upstream:track)%00%(upstream:remotename)%00%(upstream:remoteref) refs/heads/main refs/remotes/main [1ms]
2026-03-15 22:52:59.265 [info] > git status -z -uall [15ms]
2026-03-15 22:52:59.267 [info] > git for-each-ref --sort -committerdate --format %(refname)%00%(objectname)%00%(*objectname) [2ms]
2026-03-15 22:53:04.449 [info] > git config --get commit.template [11ms]
2026-03-15 22:53:04.450 [info] > git for-each-ref --format=%(refname)%00%(upstream:short)%00%(objectname)%00%(upstream:track)%00%(upstream:remotename)%00%(upstream:remoteref) refs/heads/main refs/remotes/main [2ms]
2026-03-15 22:53:04.471 [info] > git status -z -uall [14ms]
2026-03-15 22:53:04.471 [info] > git for-each-ref --sort -committerdate --format %(refname)%00%(objectname)%00%(*objectname) [4ms]
2026-03-15 22:53:12.633 [info] > git config --get commit.template [3ms]
2026-03-15 22:53:12.642 [info] > git for-each-ref --format=%(refname)%00%(upstream:short)%00%(objectname)%00%(upstream:track)%00%(upstream:remotename)%00%(upstream:remoteref) refs/heads/main refs/remotes/main [2ms]
2026-03-15 22:53:12.660 [info] > git status -z -uall [10ms]
2026-03-15 22:53:12.663 [info] > git for-each-ref --sort -committerdate --format %(refname)%00%(objectname)%00%(*objectname) [3ms]
2026-03-15 22:53:17.682 [info] > git config --get commit.template [3ms]
2026-03-15 22:53:17.696 [info] > git for-each-ref --format=%(refname)%00%(upstream:short)%00%(objectname)%00%(upstream:track)%00%(upstream:remotename)%00%(upstream:remoteref) refs/heads/main refs/remotes/main [2ms]
2026-03-15 22:53:17.719 [info] > git status -z -uall [15ms]
2026-03-15 22:53:17.721 [info] > git for-each-ref --sort -committerdate --format %(refname)%00%(objectname)%00%(*objectname) [2ms]
2026-03-15 22:53:22.731 [info] > git config --get commit.template [0ms]
2026-03-15 22:53:22.742 [info] > git for-each-ref --format=%(refname)%00%(upstream:short)%00%(objectname)%00%(upstream:track)%00%(upstream:remotename)%00%(upstream:remoteref) refs/heads/main refs/remotes/main [3ms]
2026-03-15 22:53:22.762 [info] > git status -z -uall [14ms]
2026-03-15 22:53:22.765 [info] > git for-each-ref --sort -committerdate --format %(refname)%00%(objectname)%00%(*objectname) [4ms]
2026-03-15 22:53:27.776 [info] > git config --get commit.template [2ms]
2026-03-15 22:53:27.788 [info] > git for-each-ref --format=%(refname)%00%(upstream:short)%00%(objectname)%00%(upstream:track)%00%(upstream:remotename)%00%(upstream:remoteref) refs/heads/main refs/remotes/main [2ms]
2026-03-15 22:53:27.807 [info] > git status -z -uall [8ms]
2026-03-15 22:53:27.809 [info] > git for-each-ref --sort -committerdate --format %(refname)%00%(objectname)%00%(*objectname) [3ms]
2026-03-15 22:53:32.821 [info] > git config --get commit.template [3ms]
2026-03-15 22:53:32.831 [info] > git for-each-ref --format=%(refname)%00%(upstream:short)%00%(objectname)%00%(upstream:track)%00%(upstream:remotename)%00%(upstream:remoteref) refs/heads/main refs/remotes/main [3ms]
2026-03-15 22:53:32.848 [info] > git status -z -uall [11ms]
2026-03-15 22:53:32.854 [info] > git for-each-ref --sort -committerdate --format %(refname)%00%(objectname)%00%(*objectname) [6ms]
2026-03-15 22:53:37.881 [info] > git config --get commit.template [15ms]
2026-03-15 22:53:37.884 [info] > git for-each-ref --format=%(refname)%00%(upstream:short)%00%(objectname)%00%(upstream:track)%00%(upstream:remotename)%00%(upstream:remoteref) refs/heads/main refs/remotes/main [3ms]
2026-03-15 22:53:37.906 [info] > git status -z -uall [14ms]
2026-03-15 22:53:37.908 [info] > git for-each-ref --sort -committerdate --format %(refname)%00%(objectname)%00%(*objectname) [4ms]
2026-03-15 22:53:42.939 [info] > git config --get commit.template [18ms]
2026-03-15 22:53:42.941 [info] > git for-each-ref --format=%(refname)%00%(upstream:short)%00%(objectname)%00%(upstream:track)%00%(upstream:remotename)%00%(upstream:remoteref) refs/heads/main refs/remotes/main [2ms]
2026-03-15 22:53:42.968 [info] > git status -z -uall [17ms]
2026-03-15 22:53:42.971 [info] > git for-each-ref --sort -committerdate --format %(refname)%00%(objectname)%00%(*objectname) [4ms]
2026-03-15 22:53:47.997 [info] > git config --get commit.template [17ms]
2026-03-15 22:53:47.997 [info] > git for-each-ref --format=%(refname)%00%(upstream:short)%00%(objectname)%00%(upstream:track)%00%(upstream:remotename)%00%(upstream:remoteref) refs/heads/main refs/remotes/main [1ms]
2026-03-15 22:53:48.027 [info] > git status -z -uall [17ms]
2026-03-15 22:53:48.031 [info] > git for-each-ref --sort -committerdate --format %(refname)%00%(objectname)%00%(*objectname) [6ms]
2026-03-15 22:53:53.045 [info] > git config --get commit.template [4ms]
2026-03-15 22:53:53.061 [info] > git for-each-ref --format=%(refname)%00%(upstream:short)%00%(objectname)%00%(upstream:track)%00%(upstream:remotename)%00%(upstream:remoteref) refs/heads/main refs/remotes/main [1ms]
2026-03-15 22:53:53.083 [info] > git status -z -uall [14ms]
2026-03-15 22:53:53.083 [info] > git for-each-ref --sort -committerdate --format %(refname)%00%(objectname)%00%(*objectname) [5ms]
2026-03-15 22:53:58.100 [info] > git config --get commit.template [3ms]
2026-03-15 22:53:58.113 [info] > git for-each-ref --format=%(refname)%00%(upstream:short)%00%(objectname)%00%(upstream:track)%00%(upstream:remotename)%00%(upstream:remoteref) refs/heads/main refs/remotes/main [1ms]
2026-03-15 22:53:58.133 [info] > git status -z -uall [11ms]
2026-03-15 22:53:58.141 [info] > git for-each-ref --sort -committerdate --format %(refname)%00%(objectname)%00%(*objectname) [9ms]
2026-03-15 22:54:03.167 [info] > git config --get commit.template [15ms]
2026-03-15 22:54:03.170 [info] > git for-each-ref --format=%(refname)%00%(upstream:short)%00%(objectname)%00%(upstream:track)%00%(upstream:remotename)%00%(upstream:remoteref) refs/heads/main refs/remotes/main [3ms]
2026-03-15 22:54:03.203 [info] > git status -z -uall [15ms]
2026-03-15 22:54:03.206 [info] > git for-each-ref --sort -committerdate --format %(refname)%00%(objectname)%00%(*objectname) [6ms]
2026-03-15 22:54:08.219 [info] > git config --get commit.template [0ms]
2026-03-15 22:54:08.235 [info] > git for-each-ref --format=%(refname)%00%(upstream:short)%00%(objectname)%00%(upstream:track)%00%(upstream:remotename)%00%(upstream:remoteref) refs/heads/main refs/remotes/main [4ms]
2026-03-15 22:54:08.261 [info] > git status -z -uall [14ms]
2026-03-15 22:54:08.261 [info] > git for-each-ref --sort -committerdate --format %(refname)%00%(objectname)%00%(*objectname) [4ms]
2026-03-15 22:55:07.794 [info] > git config --get commit.template [3ms]
2026-03-15 22:55:07.808 [info] > git for-each-ref --format=%(refname)%00%(upstream:short)%00%(objectname)%00%(upstream:track)%00%(upstream:remotename)%00%(upstream:remoteref) refs/heads/main refs/remotes/main [1ms]
2026-03-15 22:55:07.832 [info] > git status -z -uall [15ms]
2026-03-15 22:55:07.838 [info] > git for-each-ref --sort -committerdate --format %(refname)%00%(objectname)%00%(*objectname) [8ms]
2026-03-15 22:55:08.204 [info] > git check-ignore -v -z --stdin [4ms]
2026-03-15 22:57:34.269 [info] > git config --get commit.template [19ms]
2026-03-15 22:57:34.271 [info] > git for-each-ref --format=%(refname)%00%(upstream:short)%00%(objectname)%00%(upstream:track)%00%(upstream:remotename)%00%(upstream:remoteref) refs/heads/main refs/remotes/main [4ms]
2026-03-15 22:57:34.290 [info] > git status -z -uall [9ms]
2026-03-15 22:57:34.293 [info] > git for-each-ref --sort -committerdate --format %(refname)%00%(objectname)%00%(*objectname) [4ms]
2026-03-15 22:58:37.339 [info] > git check-ignore -v -z --stdin [4ms]
2026-03-15 23:07:59.965 [info] > git config --get commit.template [3ms]
2026-03-15 23:07:59.983 [info] > git for-each-ref --format=%(refname)%00%(upstream:short)%00%(objectname)%00%(upstream:track)%00%(upstream:remotename)%00%(upstream:remoteref) refs/heads/main refs/remotes/main [4ms]
2026-03-15 23:08:00.019 [info] > git status -z -uall [23ms]
2026-03-15 23:08:00.020 [info] > git for-each-ref --sort -committerdate --format %(refname)%00%(objectname)%00%(*objectname) [4ms]
2026-03-15 23:08:19.945 [info] > git config --get commit.template [15ms]
2026-03-15 23:08:19.949 [info] > git for-each-ref --format=%(refname)%00%(upstream:short)%00%(objectname)%00%(upstream:track)%00%(upstream:remotename)%00%(upstream:remoteref) refs/heads/main refs/remotes/main [5ms]
2026-03-15 23:08:19.985 [info] > git status -z -uall [18ms]
2026-03-15 23:08:19.987 [info] > git for-each-ref --sort -committerdate --format %(refname)%00%(objectname)%00%(*objectname) [2ms]
2026-03-15 23:08:33.172 [info] > git config --get commit.template [3ms]
2026-03-15 23:08:33.183 [info] > git for-each-ref --format=%(refname)%00%(upstream:short)%00%(objectname)%00%(upstream:track)%00%(upstream:remotename)%00%(upstream:remoteref) refs/heads/main refs/remotes/main [5ms]
2026-03-15 23:08:33.202 [info] > git status -z -uall [12ms]
2026-03-15 23:08:33.216 [info] > git for-each-ref --sort -committerdate --format %(refname)%00%(objectname)%00%(*objectname) [16ms]
2026-03-15 23:15:28.888 [info] > git config --get commit.template [4ms]
2026-03-15 23:15:28.909 [info] > git for-each-ref --format=%(refname)%00%(upstream:short)%00%(objectname)%00%(upstream:track)%00%(upstream:remotename)%00%(upstream:remoteref) refs/heads/main refs/remotes/main [2ms]
2026-03-15 23:15:28.940 [info] > git status -z -uall [19ms]
2026-03-15 23:15:28.945 [info] > git for-each-ref --sort -committerdate --format %(refname)%00%(objectname)%00%(*objectname) [7ms]
2026-03-15 23:15:33.956 [info] > git config --get commit.template [1ms]
2026-03-15 23:15:33.967 [info] > git for-each-ref --format=%(refname)%00%(upstream:short)%00%(objectname)%00%(upstream:track)%00%(upstream:remotename)%00%(upstream:remoteref) refs/heads/main refs/remotes/main [2ms]
2026-03-15 23:15:33.998 [info] > git status -z -uall [17ms]
2026-03-15 23:15:33.998 [info] > git for-each-ref --sort -committerdate --format %(refname)%00%(objectname)%00%(*objectname) [1ms]
2026-03-15 23:17:25.788 [info] > git config --get commit.template [18ms]
2026-03-15 23:17:25.789 [info] > git for-each-ref --format=%(refname)%00%(upstream:short)%00%(objectname)%00%(upstream:track)%00%(upstream:remotename)%00%(upstream:remoteref) refs/heads/main refs/remotes/main [2ms]
2026-03-15 23:17:25.818 [info] > git status -z -uall [18ms]
2026-03-15 23:17:25.819 [info] > git for-each-ref --sort -committerdate --format %(refname)%00%(objectname)%00%(*objectname) [7ms]
2026-03-15 23:17:30.833 [info] > git config --get commit.template [3ms]
2026-03-15 23:17:30.850 [info] > git for-each-ref --format=%(refname)%00%(upstream:short)%00%(objectname)%00%(upstream:track)%00%(upstream:remotename)%00%(upstream:remoteref) refs/heads/main refs/remotes/main [2ms]
2026-03-15 23:17:30.877 [info] > git status -z -uall [15ms]
2026-03-15 23:17:30.880 [info] > git for-each-ref --sort -committerdate --format %(refname)%00%(objectname)%00%(*objectname) [4ms]
2026-03-15 23:17:43.014 [info] > git config --get commit.template [4ms]
2026-03-15 23:17:43.026 [info] > git for-each-ref --format=%(refname)%00%(upstream:short)%00%(objectname)%00%(upstream:track)%00%(upstream:remotename)%00%(upstream:remoteref) refs/heads/main refs/remotes/main [2ms]
2026-03-15 23:17:43.060 [info] > git status -z -uall [21ms]
2026-03-15 23:17:43.061 [info] > git for-each-ref --sort -committerdate --format %(refname)%00%(objectname)%00%(*objectname) [4ms]
2026-03-15 23:17:48.932 [info] > git config --get commit.template [1ms]
2026-03-15 23:17:48.949 [info] > git for-each-ref --format=%(refname)%00%(upstream:short)%00%(objectname)%00%(upstream:track)%00%(upstream:remotename)%00%(upstream:remoteref) refs/heads/main refs/remotes/main [3ms]
2026-03-15 23:17:48.976 [info] > git status -z -uall [11ms]
2026-03-15 23:17:48.979 [info] > git for-each-ref --sort -committerdate --format %(refname)%00%(objectname)%00%(*objectname) [4ms]
2026-03-15 23:17:53.993 [info] > git config --get commit.template [3ms]
2026-03-15 23:17:54.010 [info] > git for-each-ref --format=%(refname)%00%(upstream:short)%00%(objectname)%00%(upstream:track)%00%(upstream:remotename)%00%(upstream:remoteref) refs/heads/main refs/remotes/main [4ms]
2026-03-15 23:17:54.035 [info] > git status -z -uall [15ms]
2026-03-15 23:17:54.037 [info] > git for-each-ref --sort -committerdate --format %(refname)%00%(objectname)%00%(*objectname) [2ms]
2026-03-15 23:17:59.167 [info] > git config --get commit.template [5ms]
2026-03-15 23:17:59.178 [info] > git for-each-ref --format=%(refname)%00%(upstream:short)%00%(objectname)%00%(upstream:track)%00%(upstream:remotename)%00%(upstream:remoteref) refs/heads/main refs/remotes/main [4ms]
2026-03-15 23:17:59.198 [info] > git status -z -uall [14ms]
2026-03-15 23:17:59.201 [info] > git for-each-ref --sort -committerdate --format %(refname)%00%(objectname)%00%(*objectname) [8ms]
2026-03-15 23:18:36.128 [info] > git config --get commit.template [2ms]
2026-03-15 23:18:36.143 [info] > git for-each-ref --format=%(refname)%00%(upstream:short)%00%(objectname)%00%(upstream:track)%00%(upstream:remotename)%00%(upstream:remoteref) refs/heads/main refs/remotes/main [3ms]
2026-03-15 23:18:36.167 [info] > git status -z -uall [12ms]
2026-03-15 23:18:36.170 [info] > git for-each-ref --sort -committerdate --format %(refname)%00%(objectname)%00%(*objectname) [4ms]
2026-03-15 23:18:41.179 [info] > git config --get commit.template [2ms]
2026-03-15 23:18:41.191 [info] > git for-each-ref --format=%(refname)%00%(upstream:short)%00%(objectname)%00%(upstream:track)%00%(upstream:remotename)%00%(upstream:remoteref) refs/heads/main refs/remotes/main [3ms]
2026-03-15 23:18:41.207 [info] > git status -z -uall [9ms]
2026-03-15 23:18:41.209 [info] > git for-each-ref --sort -committerdate --format %(refname)%00%(objectname)%00%(*objectname) [3ms]
2026-03-15 23:18:46.226 [info] > git config --get commit.template [2ms]
2026-03-15 23:18:46.240 [info] > git for-each-ref --format=%(refname)%00%(upstream:short)%00%(objectname)%00%(upstream:track)%00%(upstream:remotename)%00%(upstream:remoteref) refs/heads/main refs/remotes/main [1ms]
2026-03-15 23:18:46.270 [info] > git status -z -uall [16ms]
2026-03-15 23:18:46.271 [info] > git for-each-ref --sort -committerdate --format %(refname)%00%(objectname)%00%(*objectname) [2ms]
2026-03-15 23:18:51.692 [info] > git config --get commit.template [0ms]
2026-03-15 23:18:51.708 [info] > git for-each-ref --format=%(refname)%00%(upstream:short)%00%(objectname)%00%(upstream:track)%00%(upstream:remotename)%00%(upstream:remoteref) refs/heads/main refs/remotes/main [3ms]
2026-03-15 23:18:51.733 [info] > git status -z -uall [13ms]
2026-03-15 23:18:51.740 [info] > git for-each-ref --sort -committerdate --format %(refname)%00%(objectname)%00%(*objectname) [7ms]
2026-03-15 23:19:07.688 [info] > git config --get commit.template [15ms]
2026-03-15 23:19:07.690 [info] > git for-each-ref --format=%(refname)%00%(upstream:short)%00%(objectname)%00%(upstream:track)%00%(upstream:remotename)%00%(upstream:remoteref) refs/heads/main refs/remotes/main [5ms]
2026-03-15 23:19:07.723 [info] > git status -z -uall [23ms]
2026-03-15 23:19:07.728 [info] > git for-each-ref --sort -committerdate --format %(refname)%00%(objectname)%00%(*objectname) [14ms]
2026-03-15 23:19:12.743 [info] > git config --get commit.template [4ms]
2026-03-15 23:19:12.758 [info] > git for-each-ref --format=%(refname)%00%(upstream:short)%00%(objectname)%00%(upstream:track)%00%(upstream:remotename)%00%(upstream:remoteref) refs/heads/main refs/remotes/main [4ms]
2026-03-15 23:19:12.788 [info] > git status -z -uall [16ms]
2026-03-15 23:19:12.789 [info] > git for-each-ref --sort -committerdate --format %(refname)%00%(objectname)%00%(*objectname) [2ms]
2026-03-15 23:19:17.801 [info] > git config --get commit.template [1ms]
2026-03-15 23:19:17.814 [info] > git for-each-ref --format=%(refname)%00%(upstream:short)%00%(objectname)%00%(upstream:track)%00%(upstream:remotename)%00%(upstream:remoteref) refs/heads/main refs/remotes/main [2ms]
2026-03-15 23:19:17.842 [info] > git status -z -uall [20ms]
2026-03-15 23:19:17.842 [info] > git for-each-ref --sort -committerdate --format %(refname)%00%(objectname)%00%(*objectname) [5ms]
2026-03-15 23:19:29.049 [info] > git config --get commit.template [4ms]
2026-03-15 23:19:29.060 [info] > git for-each-ref --format=%(refname)%00%(upstream:short)%00%(objectname)%00%(upstream:track)%00%(upstream:remotename)%00%(upstream:remoteref) refs/heads/main refs/remotes/main [3ms]
2026-03-15 23:19:29.089 [info] > git status -z -uall [20ms]
2026-03-15 23:19:29.089 [info] > git for-each-ref --sort -committerdate --format %(refname)%00%(objectname)%00%(*objectname) [1ms]
2026-03-15 23:21:36.550 [info] > git config --get commit.template [0ms]
2026-03-15 23:21:36.576 [info] > git for-each-ref --format=%(refname)%00%(upstream:short)%00%(objectname)%00%(upstream:track)%00%(upstream:remotename)%00%(upstream:remoteref) refs/heads/main refs/remotes/main [9ms]
2026-03-15 23:21:36.618 [info] > git status -z -uall [25ms]
2026-03-15 23:21:36.625 [info] > git for-each-ref --sort -committerdate --format %(refname)%00%(objectname)%00%(*objectname) [11ms]
2026-03-15 23:21:42.598 [info] > git config --get commit.template [3ms]
2026-03-15 23:21:42.607 [info] > git for-each-ref --format=%(refname)%00%(upstream:short)%00%(objectname)%00%(upstream:track)%00%(upstream:remotename)%00%(upstream:remoteref) refs/heads/main refs/remotes/main [2ms]
2026-03-15 23:21:42.658 [info] > git status -z -uall [34ms]
2026-03-15 23:21:42.666 [info] > git for-each-ref --sort -committerdate --format %(refname)%00%(objectname)%00%(*objectname) [10ms]
2026-03-15 23:21:47.680 [info] > git config --get commit.template [5ms]
2026-03-15 23:21:47.693 [info] > git for-each-ref --format=%(refname)%00%(upstream:short)%00%(objectname)%00%(upstream:track)%00%(upstream:remotename)%00%(upstream:remoteref) refs/heads/main refs/remotes/main [1ms]
2026-03-15 23:21:47.718 [info] > git status -z -uall [14ms]
2026-03-15 23:21:47.720 [info] > git for-each-ref --sort -committerdate --format %(refname)%00%(objectname)%00%(*objectname) [6ms]
2026-03-15 23:21:54.892 [info] > git config --get commit.template [0ms]
2026-03-15 23:21:54.901 [info] > git for-each-ref --format=%(refname)%00%(upstream:short)%00%(objectname)%00%(upstream:track)%00%(upstream:remotename)%00%(upstream:remoteref) refs/heads/main refs/remotes/main [2ms]
2026-03-15 23:21:54.922 [info] > git status -z -uall [13ms]
2026-03-15 23:21:54.922 [info] > git for-each-ref --sort -committerdate --format %(refname)%00%(objectname)%00%(*objectname) [4ms]
2026-03-15 23:22:02.938 [info] > git config --get commit.template [20ms]
2026-03-15 23:22:02.940 [info] > git for-each-ref --format=%(refname)%00%(upstream:short)%00%(objectname)%00%(upstream:track)%00%(upstream:remotename)%00%(upstream:remoteref) refs/heads/main refs/remotes/main [4ms]
2026-03-15 23:22:02.968 [info] > git status -z -uall [15ms]
2026-03-15 23:22:02.973 [info] > git for-each-ref --sort -committerdate --format %(refname)%00%(objectname)%00%(*objectname) [7ms]
2026-03-15 23:22:09.229 [info] > git config --get commit.template [2ms]
2026-03-15 23:22:09.246 [info] > git for-each-ref --format=%(refname)%00%(upstream:short)%00%(objectname)%00%(upstream:track)%00%(upstream:remotename)%00%(upstream:remoteref) refs/heads/main refs/remotes/main [5ms]
2026-03-15 23:22:09.267 [info] > git status -z -uall [10ms]
2026-03-15 23:22:09.272 [info] > git for-each-ref --sort -committerdate --format %(refname)%00%(objectname)%00%(*objectname) [6ms]
2026-03-15 23:22:14.691 [info] > git config --get commit.template [3ms]
2026-03-15 23:22:14.700 [info] > git for-each-ref --format=%(refname)%00%(upstream:short)%00%(objectname)%00%(upstream:track)%00%(upstream:remotename)%00%(upstream:remoteref) refs/heads/main refs/remotes/main [2ms]
2026-03-15 23:22:14.717 [info] > git status -z -uall [11ms]
2026-03-15 23:22:14.718 [info] > git for-each-ref --sort -committerdate --format %(refname)%00%(objectname)%00%(*objectname) [2ms]
2026-03-15 23:22:24.145 [info] > git config --get commit.template [4ms]
2026-03-15 23:22:24.163 [info] > git for-each-ref --format=%(refname)%00%(upstream:short)%00%(objectname)%00%(upstream:track)%00%(upstream:remotename)%00%(upstream:remoteref) refs/heads/main refs/remotes/main [3ms]
2026-03-15 23:22:24.196 [info] > git status -z -uall [21ms]
2026-03-15 23:22:24.200 [info] > git for-each-ref --sort -committerdate --format %(refname)%00%(objectname)%00%(*objectname) [7ms]
2026-03-15 23:22:31.412 [info] > git config --get commit.template [1ms]
2026-03-15 23:22:31.427 [info] > git for-each-ref --format=%(refname)%00%(upstream:short)%00%(objectname)%00%(upstream:track)%00%(upstream:remotename)%00%(upstream:remoteref) refs/heads/main refs/remotes/main [4ms]
2026-03-15 23:22:31.454 [info] > git status -z -uall [16ms]
2026-03-15 23:22:31.456 [info] > git for-each-ref --sort -committerdate --format %(refname)%00%(objectname)%00%(*objectname) [3ms]
2026-03-15 23:22:36.467 [info] > git config --get commit.template [3ms]
2026-03-15 23:22:36.479 [info] > git for-each-ref --format=%(refname)%00%(upstream:short)%00%(objectname)%00%(upstream:track)%00%(upstream:remotename)%00%(upstream:remoteref) refs/heads/main refs/remotes/main [3ms]
2026-03-15 23:22:36.501 [info] > git status -z -uall [15ms]
2026-03-15 23:22:36.506 [info] > git for-each-ref --sort -committerdate --format %(refname)%00%(objectname)%00%(*objectname) [8ms]
2026-03-15 23:22:42.128 [info] > git config --get commit.template [0ms]
2026-03-15 23:22:42.147 [info] > git for-each-ref --format=%(refname)%00%(upstream:short)%00%(objectname)%00%(upstream:track)%00%(upstream:remotename)%00%(upstream:remoteref) refs/heads/main refs/remotes/main [2ms]
2026-03-15 23:22:42.169 [info] > git status -z -uall [15ms]
2026-03-15 23:22:42.176 [info] > git for-each-ref --sort -committerdate --format %(refname)%00%(objectname)%00%(*objectname) [7ms]
2026-03-15 23:22:47.202 [info] > git config --get commit.template [14ms]
2026-03-15 23:22:47.204 [info] > git for-each-ref --format=%(refname)%00%(upstream:short)%00%(objectname)%00%(upstream:track)%00%(upstream:remotename)%00%(upstream:remoteref) refs/heads/main refs/remotes/main [2ms]
2026-03-15 23:22:47.232 [info] > git status -z -uall [15ms]
2026-03-15 23:22:47.234 [info] > git for-each-ref --sort -committerdate --format %(refname)%00%(objectname)%00%(*objectname) [3ms]
2026-03-15 23:22:54.809 [info] > git config --get commit.template [1ms]
2026-03-15 23:22:54.824 [info] > git for-each-ref --format=%(refname)%00%(upstream:short)%00%(objectname)%00%(upstream:track)%00%(upstream:remotename)%00%(upstream:remoteref) refs/heads/main refs/remotes/main [2ms]
2026-03-15 23:22:54.851 [info] > git status -z -uall [20ms]
2026-03-15 23:22:54.851 [info] > git for-each-ref --sort -committerdate --format %(refname)%00%(objectname)%00%(*objectname) [6ms]
2026-03-15 23:23:04.821 [info] > git config --get commit.template [4ms]
2026-03-15 23:23:04.836 [info] > git for-each-ref --format=%(refname)%00%(upstream:short)%00%(objectname)%00%(upstream:track)%00%(upstream:remotename)%00%(upstream:remoteref) refs/heads/main refs/remotes/main [2ms]
2026-03-15 23:23:04.861 [info] > git status -z -uall [18ms]
2026-03-15 23:23:04.863 [info] > git for-each-ref --sort -committerdate --format %(refname)%00%(objectname)%00%(*objectname) [4ms]
2026-03-15 23:23:10.879 [info] > git config --get commit.template [14ms]
2026-03-15 23:23:10.881 [info] > git for-each-ref --format=%(refname)%00%(upstream:short)%00%(objectname)%00%(upstream:track)%00%(upstream:remotename)%00%(upstream:remoteref) refs/heads/main refs/remotes/main [2ms]
2026-03-15 23:23:10.919 [info] > git status -z -uall [19ms]
2026-03-15 23:23:10.922 [info] > git for-each-ref --sort -committerdate --format %(refname)%00%(objectname)%00%(*objectname) [4ms]
2026-03-15 23:23:15.946 [info] > git config --get commit.template [14ms]
2026-03-15 23:23:15.948 [info] > git for-each-ref --format=%(refname)%00%(upstream:short)%00%(objectname)%00%(upstream:track)%00%(upstream:remotename)%00%(upstream:remoteref) refs/heads/main refs/remotes/main [2ms]
2026-03-15 23:23:15.976 [info] > git status -z -uall [18ms]
2026-03-15 23:23:15.978 [info] > git for-each-ref --sort -committerdate --format %(refname)%00%(objectname)%00%(*objectname) [3ms]
2026-03-15 23:23:20.999 [info] > git config --get commit.template [12ms]
2026-03-15 23:23:21.002 [info] > git for-each-ref --format=%(refname)%00%(upstream:short)%00%(objectname)%00%(upstream:track)%00%(upstream:remotename)%00%(upstream:remoteref) refs/heads/main refs/remotes/main [3ms]
2026-03-15 23:23:21.029 [info] > git status -z -uall [16ms]
2026-03-15 23:23:21.029 [info] > git for-each-ref --sort -committerdate --format %(refname)%00%(objectname)%00%(*objectname) [3ms]
2026-03-15 23:23:26.042 [info] > git config --get commit.template [4ms]
2026-03-15 23:23:26.058 [info] > git for-each-ref --format=%(refname)%00%(upstream:short)%00%(objectname)%00%(upstream:track)%00%(upstream:remotename)%00%(upstream:remoteref) refs/heads/main refs/remotes/main [2ms]
2026-03-15 23:23:26.086 [info] > git status -z -uall [16ms]
2026-03-15 23:23:26.087 [info] > git for-each-ref --sort -committerdate --format %(refname)%00%(objectname)%00%(*objectname) [2ms]
2026-03-15 23:23:32.809 [info] > git config --get commit.template [2ms]
2026-03-15 23:23:32.822 [info] > git for-each-ref --format=%(refname)%00%(upstream:short)%00%(objectname)%00%(upstream:track)%00%(upstream:remotename)%00%(upstream:remoteref) refs/heads/main refs/remotes/main [4ms]
2026-03-15 23:23:32.855 [info] > git status -z -uall [19ms]
2026-03-15 23:23:32.857 [info] > git for-each-ref --sort -committerdate --format %(refname)%00%(objectname)%00%(*objectname) [3ms]
2026-03-15 23:23:37.870 [info] > git config --get commit.template [1ms]
2026-03-15 23:23:37.882 [info] > git for-each-ref --format=%(refname)%00%(upstream:short)%00%(objectname)%00%(upstream:track)%00%(upstream:remotename)%00%(upstream:remoteref) refs/heads/main refs/remotes/main [4ms]
2026-03-15 23:23:37.901 [info] > git status -z -uall [11ms]
2026-03-15 23:23:37.903 [info] > git for-each-ref --sort -committerdate --format %(refname)%00%(objectname)%00%(*objectname) [3ms]
2026-03-15 23:23:42.916 [info] > git config --get commit.template [3ms]
2026-03-15 23:23:42.928 [info] > git for-each-ref --format=%(refname)%00%(upstream:short)%00%(objectname)%00%(upstream:track)%00%(upstream:remotename)%00%(upstream:remoteref) refs/heads/main refs/remotes/main [2ms]
2026-03-15 23:23:42.958 [info] > git status -z -uall [17ms]
2026-03-15 23:23:42.963 [info] > git for-each-ref --sort -committerdate --format %(refname)%00%(objectname)%00%(*objectname) [7ms]
2026-03-15 23:24:11.615 [info] > git config --get commit.template [2ms]
2026-03-15 23:24:11.628 [info] > git for-each-ref --format=%(refname)%00%(upstream:short)%00%(objectname)%00%(upstream:track)%00%(upstream:remotename)%00%(upstream:remoteref) refs/heads/main refs/remotes/main [4ms]
2026-03-15 23:24:11.646 [info] > git status -z -uall [11ms]
2026-03-15 23:24:11.649 [info] > git for-each-ref --sort -committerdate --format %(refname)%00%(objectname)%00%(*objectname) [4ms]
2026-03-15 23:25:05.942 [info] > git config --get commit.template [3ms]
2026-03-15 23:25:05.961 [info] > git for-each-ref --format=%(refname)%00%(upstream:short)%00%(objectname)%00%(upstream:track)%00%(upstream:remotename)%00%(upstream:remoteref) refs/heads/main refs/remotes/main [2ms]
2026-03-15 23:25:05.989 [info] > git status -z -uall [15ms]
2026-03-15 23:25:05.992 [info] > git for-each-ref --sort -committerdate --format %(refname)%00%(objectname)%00%(*objectname) [5ms]
2026-03-15 23:25:13.582 [info] > git config --get commit.template [14ms]
2026-03-15 23:25:13.584 [info] > git for-each-ref --format=%(refname)%00%(upstream:short)%00%(objectname)%00%(upstream:track)%00%(upstream:remotename)%00%(upstream:remoteref) refs/heads/main refs/remotes/main [2ms]
2026-03-15 23:25:13.606 [info] > git status -z -uall [11ms]
2026-03-15 23:25:13.610 [info] > git for-each-ref --sort -committerdate --format %(refname)%00%(objectname)%00%(*objectname) [9ms]
2026-03-15 23:25:19.804 [info] > git config --get commit.template [15ms]
2026-03-15 23:25:19.805 [info] > git for-each-ref --format=%(refname)%00%(upstream:short)%00%(objectname)%00%(upstream:track)%00%(upstream:remotename)%00%(upstream:remoteref) refs/heads/main refs/remotes/main [3ms]
2026-03-15 23:25:19.836 [info] > git status -z -uall [20ms]
2026-03-15 23:25:19.837 [info] > git for-each-ref --sort -committerdate --format %(refname)%00%(objectname)%00%(*objectname) [1ms]
2026-03-15 23:25:24.848 [info] > git config --get commit.template [2ms]
2026-03-15 23:25:24.861 [info] > git for-each-ref --format=%(refname)%00%(upstream:short)%00%(objectname)%00%(upstream:track)%00%(upstream:remotename)%00%(upstream:remoteref) refs/heads/main refs/remotes/main [2ms]
2026-03-15 23:25:24.888 [info] > git status -z -uall [15ms]
2026-03-15 23:25:24.892 [info] > git for-each-ref --sort -committerdate --format %(refname)%00%(objectname)%00%(*objectname) [6ms]
2026-03-15 23:25:29.909 [info] > git config --get commit.template [6ms]
2026-03-15 23:25:29.919 [info] > git for-each-ref --format=%(refname)%00%(upstream:short)%00%(objectname)%00%(upstream:track)%00%(upstream:remotename)%00%(upstream:remoteref) refs/heads/main refs/remotes/main [2ms]
2026-03-15 23:25:29.940 [info] > git status -z -uall [13ms]
2026-03-15 23:25:29.940 [info] > git for-each-ref --sort -committerdate --format %(refname)%00%(objectname)%00%(*objectname) [5ms]
2026-03-15 23:25:34.954 [info] > git config --get commit.template [2ms]
2026-03-15 23:25:34.968 [info] > git for-each-ref --format=%(refname)%00%(upstream:short)%00%(objectname)%00%(upstream:track)%00%(upstream:remotename)%00%(upstream:remoteref) refs/heads/main refs/remotes/main [3ms]
2026-03-15 23:25:34.991 [info] > git status -z -uall [15ms]
2026-03-15 23:25:34.991 [info] > git for-each-ref --sort -committerdate --format %(refname)%00%(objectname)%00%(*objectname) [3ms]
2026-03-15 23:26:06.604 [info] > git config --get commit.template [1ms]
2026-03-15 23:26:06.615 [info] > git for-each-ref --format=%(refname)%00%(upstream:short)%00%(objectname)%00%(upstream:track)%00%(upstream:remotename)%00%(upstream:remoteref) refs/heads/main refs/remotes/main [2ms]
2026-03-15 23:26:06.641 [info] > git status -z -uall [15ms]
2026-03-15 23:26:06.641 [info] > git for-each-ref --sort -committerdate --format %(refname)%00%(objectname)%00%(*objectname) [5ms]
2026-03-15 23:26:11.654 [info] > git config --get commit.template [3ms]
2026-03-15 23:26:11.664 [info] > git for-each-ref --format=%(refname)%00%(upstream:short)%00%(objectname)%00%(upstream:track)%00%(upstream:remotename)%00%(upstream:remoteref) refs/heads/main refs/remotes/main [2ms]
2026-03-15 23:26:11.683 [info] > git status -z -uall [12ms]
2026-03-15 23:26:11.685 [info] > git for-each-ref --sort -committerdate --format %(refname)%00%(objectname)%00%(*objectname) [3ms]
2026-03-15 23:26:16.699 [info] > git config --get commit.template [5ms]
2026-03-15 23:26:16.710 [info] > git for-each-ref --format=%(refname)%00%(upstream:short)%00%(objectname)%00%(upstream:track)%00%(upstream:remotename)%00%(upstream:remoteref) refs/heads/main refs/remotes/main [2ms]
2026-03-15 23:26:16.733 [info] > git status -z -uall [14ms]
2026-03-15 23:26:16.739 [info] > git for-each-ref --sort -committerdate --format %(refname)%00%(objectname)%00%(*objectname) [9ms]
2026-03-15 23:26:21.751 [info] > git config --get commit.template [3ms]
2026-03-15 23:26:21.764 [info] > git for-each-ref --format=%(refname)%00%(upstream:short)%00%(objectname)%00%(upstream:track)%00%(upstream:remotename)%00%(upstream:remoteref) refs/heads/main refs/remotes/main [3ms]
2026-03-15 23:26:21.784 [info] > git status -z -uall [12ms]
2026-03-15 23:26:21.792 [info] > git for-each-ref --sort -committerdate --format %(refname)%00%(objectname)%00%(*objectname) [9ms]
2026-03-15 23:26:59.732 [info] > git config --get commit.template [10ms]
2026-03-15 23:26:59.734 [info] > git for-each-ref --format=%(refname)%00%(upstream:short)%00%(objectname)%00%(upstream:track)%00%(upstream:remotename)%00%(upstream:remoteref) refs/heads/main refs/remotes/main [3ms]
2026-03-15 23:26:59.757 [info] > git status -z -uall [13ms]
2026-03-15 23:26:59.758 [info] > git for-each-ref --sort -committerdate --format %(refname)%00%(objectname)%00%(*objectname) [5ms]
2026-03-15 23:27:54.296 [info] > git config --get commit.template [2ms]
2026-03-15 23:27:54.313 [info] > git for-each-ref --format=%(refname)%00%(upstream:short)%00%(objectname)%00%(upstream:track)%00%(upstream:remotename)%00%(upstream:remoteref) refs/heads/main refs/remotes/main [4ms]
2026-03-15 23:27:54.343 [info] > git status -z -uall [17ms]
2026-03-15 23:27:54.345 [info] > git for-each-ref --sort -committerdate --format %(refname)%00%(objectname)%00%(*objectname) [3ms]
2026-03-15 23:29:01.369 [info] > git config --get commit.template [2ms]
2026-03-15 23:29:01.384 [info] > git for-each-ref --format=%(refname)%00%(upstream:short)%00%(objectname)%00%(upstream:track)%00%(upstream:remotename)%00%(upstream:remoteref) refs/heads/main refs/remotes/main [2ms]
2026-03-15 23:29:01.415 [info] > git status -z -uall [18ms]
2026-03-15 23:29:01.416 [info] > git for-each-ref --sort -committerdate --format %(refname)%00%(objectname)%00%(*objectname) [3ms]
2026-03-15 23:29:06.911 [info] > git config --get commit.template [0ms]
2026-03-15 23:29:06.925 [info] > git for-each-ref --format=%(refname)%00%(upstream:short)%00%(objectname)%00%(upstream:track)%00%(upstream:remotename)%00%(upstream:remoteref) refs/heads/main refs/remotes/main [1ms]
2026-03-15 23:29:06.956 [info] > git status -z -uall [18ms]
2026-03-15 23:29:06.957 [info] > git for-each-ref --sort -committerdate --format %(refname)%00%(objectname)%00%(*objectname) [2ms]
2026-03-15 23:29:11.975 [info] > git config --get commit.template [7ms]
2026-03-15 23:29:11.986 [info] > git for-each-ref --format=%(refname)%00%(upstream:short)%00%(objectname)%00%(upstream:track)%00%(upstream:remotename)%00%(upstream:remoteref) refs/heads/main refs/remotes/main [4ms]
2026-03-15 23:29:12.020 [info] > git status -z -uall [16ms]
2026-03-15 23:29:12.021 [info] > git for-each-ref --sort -committerdate --format %(refname)%00%(objectname)%00%(*objectname) [2ms]
2026-03-15 23:29:17.040 [info] > git config --get commit.template [9ms]
2026-03-15 23:29:17.042 [info] > git for-each-ref --format=%(refname)%00%(upstream:short)%00%(objectname)%00%(upstream:track)%00%(upstream:remotename)%00%(upstream:remoteref) refs/heads/main refs/remotes/main [2ms]
2026-03-15 23:29:17.072 [info] > git status -z -uall [17ms]
2026-03-15 23:29:17.073 [info] > git for-each-ref --sort -committerdate --format %(refname)%00%(objectname)%00%(*objectname) [2ms]
2026-03-15 23:29:22.085 [info] > git config --get commit.template [3ms]
2026-03-15 23:29:22.102 [info] > git for-each-ref --format=%(refname)%00%(upstream:short)%00%(objectname)%00%(upstream:track)%00%(upstream:remotename)%00%(upstream:remoteref) refs/heads/main refs/remotes/main [1ms]
2026-03-15 23:29:22.124 [info] > git status -z -uall [14ms]
2026-03-15 23:29:22.126 [info] > git for-each-ref --sort -committerdate --format %(refname)%00%(objectname)%00%(*objectname) [3ms]
2026-03-15 23:29:40.515 [info] > git config --get commit.template [2ms]
2026-03-15 23:29:40.531 [info] > git for-each-ref --format=%(refname)%00%(upstream:short)%00%(objectname)%00%(upstream:track)%00%(upstream:remotename)%00%(upstream:remoteref) refs/heads/main refs/remotes/main [4ms]
2026-03-15 23:29:40.558 [info] > git status -z -uall [15ms]
2026-03-15 23:29:40.561 [info] > git for-each-ref --sort -committerdate --format %(refname)%00%(objectname)%00%(*objectname) [4ms]
2026-03-15 23:30:13.155 [info] > git config --get commit.template [2ms]
2026-03-15 23:30:13.169 [info] > git for-each-ref --format=%(refname)%00%(upstream:short)%00%(objectname)%00%(upstream:track)%00%(upstream:remotename)%00%(upstream:remoteref) refs/heads/main refs/remotes/main [2ms]
2026-03-15 23:30:13.197 [info] > git status -z -uall [15ms]
2026-03-15 23:30:13.198 [info] > git for-each-ref --sort -committerdate --format %(refname)%00%(objectname)%00%(*objectname) [2ms]
2026-03-15 23:32:19.047 [info] > git config --get commit.template [3ms]
2026-03-15 23:32:19.065 [info] > git for-each-ref --format=%(refname)%00%(upstream:short)%00%(objectname)%00%(upstream:track)%00%(upstream:remotename)%00%(upstream:remoteref) refs/heads/main refs/remotes/main [3ms]
2026-03-15 23:32:19.089 [info] > git status -z -uall [12ms]
2026-03-15 23:32:19.090 [info] > git for-each-ref --sort -committerdate --format %(refname)%00%(objectname)%00%(*objectname) [4ms]
2026-03-15 23:32:24.497 [info] > git config --get commit.template [4ms]
2026-03-15 23:32:24.511 [info] > git for-each-ref --format=%(refname)%00%(upstream:short)%00%(objectname)%00%(upstream:track)%00%(upstream:remotename)%00%(upstream:remoteref) refs/heads/main refs/remotes/main [3ms]
2026-03-15 23:32:24.546 [info] > git status -z -uall [21ms]
2026-03-15 23:32:24.549 [info] > git for-each-ref --sort -committerdate --format %(refname)%00%(objectname)%00%(*objectname) [4ms]
2026-03-15 23:32:41.473 [info] > git config --get commit.template [7ms]
2026-03-15 23:32:41.483 [info] > git for-each-ref --format=%(refname)%00%(upstream:short)%00%(objectname)%00%(upstream:track)%00%(upstream:remotename)%00%(upstream:remoteref) refs/heads/main refs/remotes/main [2ms]
2026-03-15 23:32:41.500 [info] > git status -z -uall [9ms]
2026-03-15 23:32:41.504 [info] > git for-each-ref --sort -committerdate --format %(refname)%00%(objectname)%00%(*objectname) [5ms]
2026-03-15 23:32:51.852 [info] > git config --get commit.template [11ms]
2026-03-15 23:32:51.853 [info] > git for-each-ref --format=%(refname)%00%(upstream:short)%00%(objectname)%00%(upstream:track)%00%(upstream:remotename)%00%(upstream:remoteref) refs/heads/main refs/remotes/main [1ms]
2026-03-15 23:32:51.878 [info] > git status -z -uall [18ms]
2026-03-15 23:32:51.879 [info] > git for-each-ref --sort -committerdate --format %(refname)%00%(objectname)%00%(*objectname) [3ms]
2026-03-15 23:33:53.951 [info] > git config --get commit.template [15ms]
2026-03-15 23:33:53.958 [info] > git for-each-ref --format=%(refname)%00%(upstream:short)%00%(objectname)%00%(upstream:track)%00%(upstream:remotename)%00%(upstream:remoteref) refs/heads/main refs/remotes/main [8ms]
2026-03-15 23:33:54.010 [info] > git status -z -uall [37ms]
2026-03-15 23:33:54.018 [info] > git for-each-ref --sort -committerdate --format %(refname)%00%(objectname)%00%(*objectname) [9ms]
2026-03-15 23:36:32.932 [info] > git config --get commit.template [2ms]
2026-03-15 23:36:32.965 [info] > git for-each-ref --format=%(refname)%00%(upstream:short)%00%(objectname)%00%(upstream:track)%00%(upstream:remotename)%00%(upstream:remoteref) refs/heads/main refs/remotes/main [9ms]
2026-03-15 23:36:33.030 [info] > git status -z -uall [34ms]
2026-03-15 23:36:33.032 [info] > git for-each-ref --sort -committerdate --format %(refname)%00%(objectname)%00%(*objectname) [3ms]
2026-03-15 23:36:38.048 [info] > git config --get commit.template [4ms]
2026-03-15 23:36:38.068 [info] > git for-each-ref --format=%(refname)%00%(upstream:short)%00%(objectname)%00%(upstream:track)%00%(upstream:remotename)%00%(upstream:remoteref) refs/heads/main refs/remotes/main [4ms]
2026-03-15 23:36:38.111 [info] > git status -z -uall [25ms]
2026-03-15 23:36:38.113 [info] > git for-each-ref --sort -committerdate --format %(refname)%00%(objectname)%00%(*objectname) [2ms]
2026-03-15 23:36:43.128 [info] > git config --get commit.template [3ms]
2026-03-15 23:36:43.140 [info] > git for-each-ref --format=%(refname)%00%(upstream:short)%00%(objectname)%00%(upstream:track)%00%(upstream:remotename)%00%(upstream:remoteref) refs/heads/main refs/remotes/main [3ms]
2026-03-15 23:36:43.159 [info] > git status -z -uall [11ms]
2026-03-15 23:36:43.161 [info] > git for-each-ref --sort -committerdate --format %(refname)%00%(objectname)%00%(*objectname) [3ms]
2026-03-15 23:37:43.289 [info] > git config --get commit.template [4ms]
2026-03-15 23:37:43.299 [info] > git for-each-ref --format=%(refname)%00%(upstream:short)%00%(objectname)%00%(upstream:track)%00%(upstream:remotename)%00%(upstream:remoteref) refs/heads/main refs/remotes/main [3ms]
2026-03-15 23:37:43.324 [info] > git status -z -uall [11ms]
2026-03-15 23:37:43.327 [info] > git for-each-ref --sort -committerdate --format %(refname)%00%(objectname)%00%(*objectname) [8ms]
2026-03-15 23:37:54.616 [info] > git config --get commit.template [1ms]
2026-03-15 23:37:54.633 [info] > git for-each-ref --format=%(refname)%00%(upstream:short)%00%(objectname)%00%(upstream:track)%00%(upstream:remotename)%00%(upstream:remoteref) refs/heads/main refs/remotes/main [6ms]
2026-03-15 23:37:54.670 [info] > git status -z -uall [19ms]
2026-03-15 23:37:54.677 [info] > git for-each-ref --sort -committerdate --format %(refname)%00%(objectname)%00%(*objectname) [8ms]
2026-03-15 23:37:59.693 [info] > git config --get commit.template [4ms]
2026-03-15 23:37:59.704 [info] > git for-each-ref --format=%(refname)%00%(upstream:short)%00%(objectname)%00%(upstream:track)%00%(upstream:remotename)%00%(upstream:remoteref) refs/heads/main refs/remotes/main [2ms]
2026-03-15 23:37:59.725 [info] > git status -z -uall [10ms]
2026-03-15 23:37:59.727 [info] > git for-each-ref --sort -committerdate --format %(refname)%00%(objectname)%00%(*objectname) [3ms]
2026-03-15 23:38:07.970 [info] > git config --get commit.template [0ms]
2026-03-15 23:38:07.986 [info] > git for-each-ref --format=%(refname)%00%(upstream:short)%00%(objectname)%00%(upstream:track)%00%(upstream:remotename)%00%(upstream:remoteref) refs/heads/main refs/remotes/main [2ms]
2026-03-15 23:38:08.011 [info] > git status -z -uall [13ms]
2026-03-15 23:38:08.014 [info] > git for-each-ref --sort -committerdate --format %(refname)%00%(objectname)%00%(*objectname) [3ms]
2026-03-15 23:38:15.229 [info] > git config --get commit.template [23ms]
2026-03-15 23:38:15.233 [info] > git for-each-ref --format=%(refname)%00%(upstream:short)%00%(objectname)%00%(upstream:track)%00%(upstream:remotename)%00%(upstream:remoteref) refs/heads/main refs/remotes/main [4ms]
2026-03-15 23:38:15.260 [info] > git status -z -uall [19ms]
2026-03-15 23:38:15.262 [info] > git for-each-ref --sort -committerdate --format %(refname)%00%(objectname)%00%(*objectname) [4ms]
2026-03-15 23:38:33.208 [info] > git config --get commit.template [4ms]
2026-03-15 23:38:33.228 [info] > git for-each-ref --format=%(refname)%00%(upstream:short)%00%(objectname)%00%(upstream:track)%00%(upstream:remotename)%00%(upstream:remoteref) refs/heads/main refs/remotes/main [5ms]
2026-03-15 23:38:33.266 [info] > git status -z -uall [27ms]
2026-03-15 23:38:33.268 [info] > git for-each-ref --sort -committerdate --format %(refname)%00%(objectname)%00%(*objectname) [5ms]
2026-03-15 23:38:46.716 [info] > git config --get commit.template [1ms]
2026-03-15 23:38:46.736 [info] > git for-each-ref --format=%(refname)%00%(upstream:short)%00%(objectname)%00%(upstream:track)%00%(upstream:remotename)%00%(upstream:remoteref) refs/heads/main refs/remotes/main [3ms]
2026-03-15 23:38:46.756 [info] > git status -z -uall [13ms]
2026-03-15 23:38:46.762 [info] > git for-each-ref --sort -committerdate --format %(refname)%00%(objectname)%00%(*objectname) [10ms]
2026-03-15 23:38:53.678 [info] > git config --get commit.template [7ms]
2026-03-15 23:38:53.694 [info] > git for-each-ref --format=%(refname)%00%(upstream:short)%00%(objectname)%00%(upstream:track)%00%(upstream:remotename)%00%(upstream:remoteref) refs/heads/main refs/remotes/main [1ms]
2026-03-15 23:38:53.725 [info] > git status -z -uall [18ms]
2026-03-15 23:38:53.728 [info] > git for-each-ref --sort -committerdate --format %(refname)%00%(objectname)%00%(*objectname) [4ms]
2026-03-15 23:38:58.769 [info] > git config --get commit.template [22ms]
2026-03-15 23:38:58.772 [info] > git for-each-ref --format=%(refname)%00%(upstream:short)%00%(objectname)%00%(upstream:track)%00%(upstream:remotename)%00%(upstream:remoteref) refs/heads/main refs/remotes/main [4ms]
2026-03-15 23:38:58.811 [info] > git status -z -uall [17ms]
2026-03-15 23:38:58.819 [info] > git for-each-ref --sort -committerdate --format %(refname)%00%(objectname)%00%(*objectname) [9ms]
2026-03-15 23:39:03.835 [info] > git config --get commit.template [2ms]
2026-03-15 23:39:03.850 [info] > git for-each-ref --format=%(refname)%00%(upstream:short)%00%(objectname)%00%(upstream:track)%00%(upstream:remotename)%00%(upstream:remoteref) refs/heads/main refs/remotes/main [3ms]
2026-03-15 23:39:03.878 [info] > git status -z -uall [16ms]
2026-03-15 23:39:03.879 [info] > git for-each-ref --sort -committerdate --format %(refname)%00%(objectname)%00%(*objectname) [4ms]
2026-03-15 23:39:08.891 [info] > git config --get commit.template [3ms]
2026-03-15 23:39:08.906 [info] > git for-each-ref --format=%(refname)%00%(upstream:short)%00%(objectname)%00%(upstream:track)%00%(upstream:remotename)%00%(upstream:remoteref) refs/heads/main refs/remotes/main [2ms]
2026-03-15 23:39:08.931 [info] > git status -z -uall [13ms]
2026-03-15 23:39:08.934 [info] > git for-each-ref --sort -committerdate --format %(refname)%00%(objectname)%00%(*objectname) [4ms]
2026-03-15 23:39:13.949 [info] > git config --get commit.template [7ms]
2026-03-15 23:39:13.959 [info] > git for-each-ref --format=%(refname)%00%(upstream:short)%00%(objectname)%00%(upstream:track)%00%(upstream:remotename)%00%(upstream:remoteref) refs/heads/main refs/remotes/main [2ms]
2026-03-15 23:39:13.980 [info] > git status -z -uall [12ms]
2026-03-15 23:39:13.982 [info] > git for-each-ref --sort -committerdate --format %(refname)%00%(objectname)%00%(*objectname) [5ms]
2026-03-15 23:39:20.500 [info] > git config --get commit.template [13ms]
2026-03-15 23:39:20.505 [info] > git for-each-ref --format=%(refname)%00%(upstream:short)%00%(objectname)%00%(upstream:track)%00%(upstream:remotename)%00%(upstream:remoteref) refs/heads/main refs/remotes/main [5ms]
2026-03-15 23:39:20.535 [info] > git status -z -uall [15ms]
2026-03-15 23:39:20.535 [info] > git for-each-ref --sort -committerdate --format %(refname)%00%(objectname)%00%(*objectname) [6ms]
2026-03-15 23:39:25.548 [info] > git config --get commit.template [2ms]
2026-03-15 23:39:25.561 [info] > git for-each-ref --format=%(refname)%00%(upstream:short)%00%(objectname)%00%(upstream:track)%00%(upstream:remotename)%00%(upstream:remoteref) refs/heads/main refs/remotes/main [3ms]
2026-03-15 23:39:25.583 [info] > git status -z -uall [15ms]
2026-03-15 23:39:25.587 [info] > git for-each-ref --sort -committerdate --format %(refname)%00%(objectname)%00%(*objectname) [7ms]
2026-03-15 23:39:41.661 [info] > git config --get commit.template [3ms]
2026-03-15 23:39:41.676 [info] > git for-each-ref --format=%(refname)%00%(upstream:short)%00%(objectname)%00%(upstream:track)%00%(upstream:remotename)%00%(upstream:remoteref) refs/heads/main refs/remotes/main [3ms]
2026-03-15 23:39:41.701 [info] > git status -z -uall [15ms]
2026-03-15 23:39:41.705 [info] > git for-each-ref --sort -committerdate --format %(refname)%00%(objectname)%00%(*objectname) [5ms]
2026-03-15 23:39:46.739 [info] > git config --get commit.template [15ms]
2026-03-15 23:39:46.740 [info] > git for-each-ref --format=%(refname)%00%(upstream:short)%00%(objectname)%00%(upstream:track)%00%(upstream:remotename)%00%(upstream:remoteref) refs/heads/main refs/remotes/main [2ms]
2026-03-15 23:39:46.758 [info] > git status -z -uall [11ms]
2026-03-15 23:39:46.761 [info] > git for-each-ref --sort -committerdate --format %(refname)%00%(objectname)%00%(*objectname) [3ms]
2026-03-15 23:40:05.654 [info] > git config --get commit.template [14ms]
2026-03-15 23:40:05.654 [info] > git for-each-ref --format=%(refname)%00%(upstream:short)%00%(objectname)%00%(upstream:track)%00%(upstream:remotename)%00%(upstream:remoteref) refs/heads/main refs/remotes/main [3ms]
2026-03-15 23:40:05.672 [info] > git status -z -uall [9ms]
2026-03-15 23:40:05.679 [info] > git for-each-ref --sort -committerdate --format %(refname)%00%(objectname)%00%(*objectname) [8ms]
2026-03-15 23:40:43.286 [info] > git config --get commit.template [3ms]
2026-03-15 23:40:43.298 [info] > git for-each-ref --format=%(refname)%00%(upstream:short)%00%(objectname)%00%(upstream:track)%00%(upstream:remotename)%00%(upstream:remoteref) refs/heads/main refs/remotes/main [2ms]
2026-03-15 23:40:43.324 [info] > git status -z -uall [18ms]
2026-03-15 23:40:43.325 [info] > git for-each-ref --sort -committerdate --format %(refname)%00%(objectname)%00%(*objectname) [2ms]
2026-03-15 23:41:04.689 [info] > git for-each-ref --format=%(refname)%00%(upstream:short)%00%(objectname)%00%(upstream:track)%00%(upstream:remotename)%00%(upstream:remoteref) refs/heads/main refs/remotes/main [0ms]
2026-03-15 23:41:04.689 [info] > git config --get commit.template [17ms]
2026-03-15 23:41:04.746 [info] > git status -z -uall [37ms]
2026-03-15 23:41:04.751 [info] > git for-each-ref --sort -committerdate --format %(refname)%00%(objectname)%00%(*objectname) [6ms]
2026-03-15 23:41:25.879 [info] > git config --get commit.template [14ms]
2026-03-15 23:41:25.881 [info] > git for-each-ref --format=%(refname)%00%(upstream:short)%00%(objectname)%00%(upstream:track)%00%(upstream:remotename)%00%(upstream:remoteref) refs/heads/main refs/remotes/main [3ms]
2026-03-15 23:41:25.906 [info] > git status -z -uall [15ms]
2026-03-15 23:41:25.910 [info] > git for-each-ref --sort -committerdate --format %(refname)%00%(objectname)%00%(*objectname) [8ms]
2026-03-15 23:42:15.678 [info] > git config --get commit.template [4ms]
2026-03-15 23:42:15.695 [info] > git for-each-ref --format=%(refname)%00%(upstream:short)%00%(objectname)%00%(upstream:track)%00%(upstream:remotename)%00%(upstream:remoteref) refs/heads/main refs/remotes/main [1ms]
2026-03-15 23:42:15.744 [info] > git status -z -uall [28ms]
2026-03-15 23:42:15.744 [info] > git for-each-ref --sort -committerdate --format %(refname)%00%(objectname)%00%(*objectname) [2ms]
2026-03-15 23:42:21.815 [info] > git config --get commit.template [6ms]
2026-03-15 23:42:21.832 [info] > git for-each-ref --format=%(refname)%00%(upstream:short)%00%(objectname)%00%(upstream:track)%00%(upstream:remotename)%00%(upstream:remoteref) refs/heads/main refs/remotes/main [2ms]
2026-03-15 23:42:21.848 [info] > git status -z -uall [8ms]
2026-03-15 23:42:21.857 [info] > git for-each-ref --sort -committerdate --format %(refname)%00%(objectname)%00%(*objectname) [10ms]
2026-03-15 23:43:18.188 [info] > git config --get commit.template [3ms]
2026-03-15 23:43:18.197 [info] > git for-each-ref --format=%(refname)%00%(upstream:short)%00%(objectname)%00%(upstream:track)%00%(upstream:remotename)%00%(upstream:remoteref) refs/heads/main refs/remotes/main [2ms]
2026-03-15 23:43:18.222 [info] > git status -z -uall [12ms]
2026-03-15 23:43:18.222 [info] > git for-each-ref --sort -committerdate --format %(refname)%00%(objectname)%00%(*objectname) [3ms]
2026-03-15 23:43:47.006 [info] > git config --get commit.template [2ms]
2026-03-15 23:43:47.021 [info] > git for-each-ref --format=%(refname)%00%(upstream:short)%00%(objectname)%00%(upstream:track)%00%(upstream:remotename)%00%(upstream:remoteref) refs/heads/main refs/remotes/main [1ms]
2026-03-15 23:43:47.042 [info] > git status -z -uall [10ms]
2026-03-15 23:43:47.046 [info] > git for-each-ref --sort -committerdate --format %(refname)%00%(objectname)%00%(*objectname) [5ms]
2026-03-15 23:44:00.484 [info] > git config --get commit.template [0ms]
2026-03-15 23:44:00.496 [info] > git for-each-ref --format=%(refname)%00%(upstream:short)%00%(objectname)%00%(upstream:track)%00%(upstream:remotename)%00%(upstream:remoteref) refs/heads/main refs/remotes/main [2ms]
2026-03-15 23:44:00.517 [info] > git status -z -uall [14ms]
2026-03-15 23:44:00.517 [info] > git for-each-ref --sort -committerdate --format %(refname)%00%(objectname)%00%(*objectname) [5ms]
2026-03-15 23:48:02.560 [info] > git config --get commit.template [3ms]
2026-03-15 23:48:02.571 [info] > git for-each-ref --format=%(refname)%00%(upstream:short)%00%(objectname)%00%(upstream:track)%00%(upstream:remotename)%00%(upstream:remoteref) refs/heads/main refs/remotes/main [3ms]
2026-03-15 23:48:02.592 [info] > git status -z -uall [11ms]
2026-03-15 23:48:02.594 [info] > git for-each-ref --sort -committerdate --format %(refname)%00%(objectname)%00%(*objectname) [3ms]
2026-03-15 23:48:07.606 [info] > git config --get commit.template [3ms]
2026-03-15 23:48:07.618 [info] > git for-each-ref --format=%(refname)%00%(upstream:short)%00%(objectname)%00%(upstream:track)%00%(upstream:remotename)%00%(upstream:remoteref) refs/heads/main refs/remotes/main [2ms]
2026-03-15 23:48:07.637 [info] > git status -z -uall [12ms]
2026-03-15 23:48:07.645 [info] > git for-each-ref --sort -committerdate --format %(refname)%00%(objectname)%00%(*objectname) [10ms]
2026-03-15 23:48:15.243 [info] > git config --get commit.template [11ms]
2026-03-15 23:48:15.245 [info] > git for-each-ref --format=%(refname)%00%(upstream:short)%00%(objectname)%00%(upstream:track)%00%(upstream:remotename)%00%(upstream:remoteref) refs/heads/main refs/remotes/main [4ms]
2026-03-15 23:48:15.277 [info] > git status -z -uall [18ms]
2026-03-15 23:48:15.280 [info] > git for-each-ref --sort -committerdate --format %(refname)%00%(objectname)%00%(*objectname) [2ms]
2026-03-15 23:48:20.301 [info] > git config --get commit.template [12ms]
2026-03-15 23:48:20.303 [info] > git for-each-ref --format=%(refname)%00%(upstream:short)%00%(objectname)%00%(upstream:track)%00%(upstream:remotename)%00%(upstream:remoteref) refs/heads/main refs/remotes/main [4ms]
2026-03-15 23:48:20.337 [info] > git status -z -uall [20ms]
2026-03-15 23:48:20.337 [info] > git for-each-ref --sort -committerdate --format %(refname)%00%(objectname)%00%(*objectname) [1ms]
2026-03-15 23:48:25.360 [info] > git config --get commit.template [10ms]
2026-03-15 23:48:25.362 [info] > git for-each-ref --format=%(refname)%00%(upstream:short)%00%(objectname)%00%(upstream:track)%00%(upstream:remotename)%00%(upstream:remoteref) refs/heads/main refs/remotes/main [3ms]
2026-03-15 23:48:25.379 [info] > git status -z -uall [10ms]
2026-03-15 23:48:25.381 [info] > git for-each-ref --sort -committerdate --format %(refname)%00%(objectname)%00%(*objectname) [3ms]
2026-03-15 23:48:30.395 [info] > git config --get commit.template [3ms]
2026-03-15 23:48:30.404 [info] > git for-each-ref --format=%(refname)%00%(upstream:short)%00%(objectname)%00%(upstream:track)%00%(upstream:remotename)%00%(upstream:remoteref) refs/heads/main refs/remotes/main [3ms]
2026-03-15 23:48:30.423 [info] > git status -z -uall [12ms]
2026-03-15 23:48:30.425 [info] > git for-each-ref --sort -committerdate --format %(refname)%00%(objectname)%00%(*objectname) [3ms]
2026-03-15 23:48:52.957 [info] > git config --get commit.template [3ms]
2026-03-15 23:48:52.972 [info] > git for-each-ref --format=%(refname)%00%(upstream:short)%00%(objectname)%00%(upstream:track)%00%(upstream:remotename)%00%(upstream:remoteref) refs/heads/main refs/remotes/main [3ms]
2026-03-15 23:48:53.000 [info] > git status -z -uall [14ms]
2026-03-15 23:48:53.000 [info] > git for-each-ref --sort -committerdate --format %(refname)%00%(objectname)%00%(*objectname) [5ms]
2026-03-15 23:48:58.032 [info] > git config --get commit.template [19ms]
2026-03-15 23:48:58.036 [info] > git for-each-ref --format=%(refname)%00%(upstream:short)%00%(objectname)%00%(upstream:track)%00%(upstream:remotename)%00%(upstream:remoteref) refs/heads/main refs/remotes/main [5ms]
2026-03-15 23:48:58.069 [info] > git status -z -uall [18ms]
2026-03-15 23:48:58.072 [info] > git for-each-ref --sort -committerdate --format %(refname)%00%(objectname)%00%(*objectname) [4ms]
2026-03-15 23:49:03.418 [info] > git config --get commit.template [12ms]
2026-03-15 23:49:03.420 [info] > git for-each-ref --format=%(refname)%00%(upstream:short)%00%(objectname)%00%(upstream:track)%00%(upstream:remotename)%00%(upstream:remoteref) refs/heads/main refs/remotes/main [3ms]
2026-03-15 23:49:03.459 [info] > git status -z -uall [20ms]
2026-03-15 23:49:03.462 [info] > git for-each-ref --sort -committerdate --format %(refname)%00%(objectname)%00%(*objectname) [5ms]
2026-03-15 23:49:09.986 [info] > git config --get commit.template [8ms]
2026-03-15 23:49:09.988 [info] > git for-each-ref --format=%(refname)%00%(upstream:short)%00%(objectname)%00%(upstream:track)%00%(upstream:remotename)%00%(upstream:remoteref) refs/heads/main refs/remotes/main [3ms]
2026-03-15 23:49:10.019 [info] > git status -z -uall [16ms]
2026-03-15 23:49:10.022 [info] > git for-each-ref --sort -committerdate --format %(refname)%00%(objectname)%00%(*objectname) [4ms]
2026-03-15 23:49:15.037 [info] > git config --get commit.template [5ms]
2026-03-15 23:49:15.049 [info] > git for-each-ref --format=%(refname)%00%(upstream:short)%00%(objectname)%00%(upstream:track)%00%(upstream:remotename)%00%(upstream:remoteref) refs/heads/main refs/remotes/main [3ms]
2026-03-15 23:49:15.070 [info] > git status -z -uall [14ms]
2026-03-15 23:49:15.073 [info] > git for-each-ref --sort -committerdate --format %(refname)%00%(objectname)%00%(*objectname) [3ms]
2026-03-15 23:49:20.469 [info] > git config --get commit.template [2ms]
2026-03-15 23:49:20.482 [info] > git for-each-ref --format=%(refname)%00%(upstream:short)%00%(objectname)%00%(upstream:track)%00%(upstream:remotename)%00%(upstream:remoteref) refs/heads/main refs/remotes/main [1ms]
2026-03-15 23:49:20.509 [info] > git status -z -uall [15ms]
2026-03-15 23:49:20.512 [info] > git for-each-ref --sort -committerdate --format %(refname)%00%(objectname)%00%(*objectname) [4ms]
2026-03-15 23:49:25.950 [info] > git config --get commit.template [1ms]
2026-03-15 23:49:25.963 [info] > git for-each-ref --format=%(refname)%00%(upstream:short)%00%(objectname)%00%(upstream:track)%00%(upstream:remotename)%00%(upstream:remoteref) refs/heads/main refs/remotes/main [2ms]
2026-03-15 23:49:26.000 [info] > git status -z -uall [28ms]
2026-03-15 23:49:26.009 [info] > git for-each-ref --sort -committerdate --format %(refname)%00%(objectname)%00%(*objectname) [10ms]
2026-03-15 23:49:32.798 [info] > git config --get commit.template [11ms]
2026-03-15 23:49:32.799 [info] > git for-each-ref --format=%(refname)%00%(upstream:short)%00%(objectname)%00%(upstream:track)%00%(upstream:remotename)%00%(upstream:remoteref) refs/heads/main refs/remotes/main [2ms]
2026-03-15 23:49:32.816 [info] > git status -z -uall [10ms]
2026-03-15 23:49:32.818 [info] > git for-each-ref --sort -committerdate --format %(refname)%00%(objectname)%00%(*objectname) [3ms]
2026-03-15 23:49:37.853 [info] > git config --get commit.template [19ms]
2026-03-15 23:49:37.855 [info] > git for-each-ref --format=%(refname)%00%(upstream:short)%00%(objectname)%00%(upstream:track)%00%(upstream:remotename)%00%(upstream:remoteref) refs/heads/main refs/remotes/main [3ms]
2026-03-15 23:49:37.886 [info] > git status -z -uall [17ms]
2026-03-15 23:49:37.892 [info] > git for-each-ref --sort -committerdate --format %(refname)%00%(objectname)%00%(*objectname) [6ms]
2026-03-15 23:50:05.440 [info] > git config --get commit.template [17ms]
2026-03-15 23:50:05.442 [info] > git for-each-ref --format=%(refname)%00%(upstream:short)%00%(objectname)%00%(upstream:track)%00%(upstream:remotename)%00%(upstream:remoteref) refs/heads/main refs/remotes/main [5ms]
2026-03-15 23:50:05.469 [info] > git status -z -uall [19ms]
2026-03-15 23:50:05.469 [info] > git for-each-ref --sort -committerdate --format %(refname)%00%(objectname)%00%(*objectname) [0ms]
2026-03-15 23:50:10.548 [info] > git config --get commit.template [0ms]
2026-03-15 23:50:10.557 [info] > git for-each-ref --format=%(refname)%00%(upstream:short)%00%(objectname)%00%(upstream:track)%00%(upstream:remotename)%00%(upstream:remoteref) refs/heads/main refs/remotes/main [2ms]
2026-03-15 23:50:10.575 [info] > git status -z -uall [11ms]
2026-03-15 23:50:10.583 [info] > git for-each-ref --sort -committerdate --format %(refname)%00%(objectname)%00%(*objectname) [9ms]
2026-03-15 23:50:16.269 [info] > git config --get commit.template [4ms]
2026-03-15 23:50:16.279 [info] > git for-each-ref --format=%(refname)%00%(upstream:short)%00%(objectname)%00%(upstream:track)%00%(upstream:remotename)%00%(upstream:remoteref) refs/heads/main refs/remotes/main [3ms]
2026-03-15 23:50:16.300 [info] > git status -z -uall [12ms]
2026-03-15 23:50:16.301 [info] > git for-each-ref --sort -committerdate --format %(refname)%00%(objectname)%00%(*objectname) [5ms]
2026-03-15 23:50:26.070 [info] > git config --get commit.template [4ms]
2026-03-15 23:50:26.081 [info] > git for-each-ref --format=%(refname)%00%(upstream:short)%00%(objectname)%00%(upstream:track)%00%(upstream:remotename)%00%(upstream:remoteref) refs/heads/main refs/remotes/main [4ms]
2026-03-15 23:50:26.099 [info] > git status -z -uall [11ms]
2026-03-15 23:50:26.100 [info] > git for-each-ref --sort -committerdate --format %(refname)%00%(objectname)%00%(*objectname) [2ms]
2026-03-15 23:50:32.358 [info] > git config --get commit.template [13ms]
2026-03-15 23:50:32.359 [info] > git for-each-ref --format=%(refname)%00%(upstream:short)%00%(objectname)%00%(upstream:track)%00%(upstream:remotename)%00%(upstream:remoteref) refs/heads/main refs/remotes/main [4ms]
2026-03-15 23:50:32.377 [info] > git status -z -uall [10ms]
2026-03-15 23:50:32.386 [info] > git for-each-ref --sort -committerdate --format %(refname)%00%(objectname)%00%(*objectname) [10ms]
2026-03-15 23:50:37.521 [info] > git config --get commit.template [17ms]
2026-03-15 23:50:37.527 [info] > git for-each-ref --format=%(refname)%00%(upstream:short)%00%(objectname)%00%(upstream:track)%00%(upstream:remotename)%00%(upstream:remoteref) refs/heads/main refs/remotes/main [6ms]
2026-03-15 23:50:37.551 [info] > git status -z -uall [15ms]
2026-03-15 23:50:37.556 [info] > git for-each-ref --sort -committerdate --format %(refname)%00%(objectname)%00%(*objectname) [9ms]
2026-03-15 23:50:42.580 [info] > git config --get commit.template [13ms]
2026-03-15 23:50:42.584 [info] > git for-each-ref --format=%(refname)%00%(upstream:short)%00%(objectname)%00%(upstream:track)%00%(upstream:remotename)%00%(upstream:remoteref) refs/heads/main refs/remotes/main [5ms]
2026-03-15 23:50:42.614 [info] > git status -z -uall [15ms]
2026-03-15 23:50:42.615 [info] > git for-each-ref --sort -committerdate --format %(refname)%00%(objectname)%00%(*objectname) [4ms]
2026-03-15 23:50:47.645 [info] > git config --get commit.template [16ms]
2026-03-15 23:50:47.649 [info] > git for-each-ref --format=%(refname)%00%(upstream:short)%00%(objectname)%00%(upstream:track)%00%(upstream:remotename)%00%(upstream:remoteref) refs/heads/main refs/remotes/main [4ms]
2026-03-15 23:50:47.679 [info] > git status -z -uall [15ms]
2026-03-15 23:50:47.680 [info] > git for-each-ref --sort -committerdate --format %(refname)%00%(objectname)%00%(*objectname) [2ms]
2026-03-15 23:50:52.703 [info] > git config --get commit.template [11ms]
2026-03-15 23:50:52.706 [info] > git for-each-ref --format=%(refname)%00%(upstream:short)%00%(objectname)%00%(upstream:track)%00%(upstream:remotename)%00%(upstream:remoteref) refs/heads/main refs/remotes/main [4ms]
2026-03-15 23:50:52.734 [info] > git status -z -uall [14ms]
2026-03-15 23:50:52.738 [info] > git for-each-ref --sort -committerdate --format %(refname)%00%(objectname)%00%(*objectname) [5ms]
2026-03-15 23:53:39.119 [info] > git check-ignore -v -z --stdin [13ms]
2026-03-15 23:53:39.284 [info] > git show --textconv :trivia/index.html [49ms]
2026-03-15 23:53:39.286 [info] > git ls-files --stage -- trivia/index.html [8ms]
2026-03-15 23:53:39.322 [info] > git cat-file -s 08cea3334149dc5f83aad2eab19c51fa010063f9 [7ms]
2026-03-15 23:53:39.558 [info] > git blame --root --incremental 71180f2965edd71d2fbd4ecada0bb4290213be6f -- trivia/index.html [17ms]
2026-03-15 23:53:54.703 [info] > git check-ignore -v -z --stdin [1ms]
2026-03-15 23:54:21.437 [info] > git config --get commit.template [9ms]
2026-03-15 23:54:21.439 [info] > git for-each-ref --format=%(refname)%00%(upstream:short)%00%(objectname)%00%(upstream:track)%00%(upstream:remotename)%00%(upstream:remoteref) refs/heads/main refs/remotes/main [3ms]
2026-03-15 23:54:21.455 [info] > git status -z -uall [9ms]
2026-03-15 23:54:21.457 [info] > git for-each-ref --sort -committerdate --format %(refname)%00%(objectname)%00%(*objectname) [3ms]
2026-03-15 23:54:26.481 [info] > git config --get commit.template [13ms]
2026-03-15 23:54:26.481 [info] > git for-each-ref --format=%(refname)%00%(upstream:short)%00%(objectname)%00%(upstream:track)%00%(upstream:remotename)%00%(upstream:remoteref) refs/heads/main refs/remotes/main [1ms]
2026-03-15 23:54:26.501 [info] > git status -z -uall [9ms]
2026-03-15 23:54:26.503 [info] > git for-each-ref --sort -committerdate --format %(refname)%00%(objectname)%00%(*objectname) [3ms]
2026-03-15 23:54:31.521 [info] > git config --get commit.template [6ms]
2026-03-15 23:54:31.540 [info] > git for-each-ref --format=%(refname)%00%(upstream:short)%00%(objectname)%00%(upstream:track)%00%(upstream:remotename)%00%(upstream:remoteref) refs/heads/main refs/remotes/main [4ms]
2026-03-15 23:54:31.568 [info] > git status -z -uall [17ms]
2026-03-15 23:54:31.572 [info] > git for-each-ref --sort -committerdate --format %(refname)%00%(objectname)%00%(*objectname) [8ms]
2026-03-15 23:54:46.561 [info] > git config --get commit.template [9ms]
2026-03-15 23:54:46.562 [info] > git for-each-ref --format=%(refname)%00%(upstream:short)%00%(objectname)%00%(upstream:track)%00%(upstream:remotename)%00%(upstream:remoteref) refs/heads/main refs/remotes/main [2ms]
2026-03-15 23:54:46.587 [info] > git status -z -uall [16ms]
2026-03-15 23:54:46.592 [info] > git for-each-ref --sort -committerdate --format %(refname)%00%(objectname)%00%(*objectname) [7ms]
2026-03-15 23:59:08.482 [info] > git config --get commit.template [13ms]
2026-03-15 23:59:08.484 [info] > git for-each-ref --format=%(refname)%00%(upstream:short)%00%(objectname)%00%(upstream:track)%00%(upstream:remotename)%00%(upstream:remoteref) refs/heads/main refs/remotes/main [3ms]
2026-03-15 23:59:08.503 [info] > git status -z -uall [11ms]
2026-03-15 23:59:08.504 [info] > git for-each-ref --sort -committerdate --format %(refname)%00%(objectname)%00%(*objectname) [2ms]
2026-03-15 23:59:43.864 [info] > git config --get commit.template [2ms]
2026-03-15 23:59:43.879 [info] > git for-each-ref --format=%(refname)%00%(upstream:short)%00%(objectname)%00%(upstream:track)%00%(upstream:remotename)%00%(upstream:remoteref) refs/heads/main refs/remotes/main [6ms]
2026-03-15 23:59:43.897 [info] > git status -z -uall [11ms]
2026-03-15 23:59:43.900 [info] > git for-each-ref --sort -committerdate --format %(refname)%00%(objectname)%00%(*objectname) [4ms]
2026-03-15 23:59:48.910 [info] > git config --get commit.template [0ms]
2026-03-15 23:59:48.932 [info] > git for-each-ref --format=%(refname)%00%(upstream:short)%00%(objectname)%00%(upstream:track)%00%(upstream:remotename)%00%(upstream:remoteref) refs/heads/main refs/remotes/main [2ms]
2026-03-15 23:59:48.952 [info] > git status -z -uall [12ms]
2026-03-15 23:59:48.962 [info] > git for-each-ref --sort -committerdate --format %(refname)%00%(objectname)%00%(*objectname) [12ms]
2026-03-15 23:59:53.985 [info] > git config --get commit.template [10ms]
2026-03-15 23:59:53.987 [info] > git for-each-ref --format=%(refname)%00%(upstream:short)%00%(objectname)%00%(upstream:track)%00%(upstream:remotename)%00%(upstream:remoteref) refs/heads/main refs/remotes/main [3ms]
2026-03-15 23:59:54.011 [info] > git status -z -uall [17ms]
2026-03-15 23:59:54.011 [info] > git for-each-ref --sort -committerdate --format %(refname)%00%(objectname)%00%(*objectname) [5ms]
2026-03-16 00:00:00.145 [info] > git config --get commit.template [7ms]
2026-03-16 00:00:00.181 [info] > git for-each-ref --format=%(refname)%00%(upstream:short)%00%(objectname)%00%(upstream:track)%00%(upstream:remotename)%00%(upstream:remoteref) refs/heads/main refs/remotes/main [10ms]
2026-03-16 00:00:00.273 [info] > git status -z -uall [70ms]
2026-03-16 00:00:00.274 [info] > git for-each-ref --sort -committerdate --format %(refname)%00%(objectname)%00%(*objectname) [32ms]
2026-03-16 00:00:05.287 [info] > git config --get commit.template [4ms]
2026-03-16 00:00:05.297 [info] > git for-each-ref --format=%(refname)%00%(upstream:short)%00%(objectname)%00%(upstream:track)%00%(upstream:remotename)%00%(upstream:remoteref) refs/heads/main refs/remotes/main [3ms]
2026-03-16 00:00:05.324 [info] > git status -z -uall [14ms]
2026-03-16 00:00:05.330 [info] > git for-each-ref --sort -committerdate --format %(refname)%00%(objectname)%00%(*objectname) [6ms]
2026-03-16 00:00:11.892 [info] > git config --get commit.template [1ms]
2026-03-16 00:00:11.909 [info] > git for-each-ref --format=%(refname)%00%(upstream:short)%00%(objectname)%00%(upstream:track)%00%(upstream:remotename)%00%(upstream:remoteref) refs/heads/main refs/remotes/main [4ms]
2026-03-16 00:00:11.939 [info] > git status -z -uall [16ms]
2026-03-16 00:00:11.942 [info] > git for-each-ref --sort -committerdate --format %(refname)%00%(objectname)%00%(*objectname) [4ms]
2026-03-16 00:00:16.960 [info] > git config --get commit.template [1ms]
2026-03-16 00:00:16.976 [info] > git for-each-ref --format=%(refname)%00%(upstream:short)%00%(objectname)%00%(upstream:track)%00%(upstream:remotename)%00%(upstream:remoteref) refs/heads/main refs/remotes/main [3ms]
2026-03-16 00:00:17.007 [info] > git status -z -uall [20ms]
2026-03-16 00:00:17.010 [info] > git for-each-ref --sort -committerdate --format %(refname)%00%(objectname)%00%(*objectname) [6ms]
2026-03-16 00:00:24.689 [info] > git config --get commit.template [5ms]
2026-03-16 00:00:24.705 [info] > git for-each-ref --format=%(refname)%00%(upstream:short)%00%(objectname)%00%(upstream:track)%00%(upstream:remotename)%00%(upstream:remoteref) refs/heads/main refs/remotes/main [2ms]
2026-03-16 00:00:24.754 [info] > git status -z -uall [35ms]
2026-03-16 00:00:24.759 [info] > git for-each-ref --sort -committerdate --format %(refname)%00%(objectname)%00%(*objectname) [6ms]
2026-03-16 00:00:29.775 [info] > git config --get commit.template [5ms]
2026-03-16 00:00:29.789 [info] > git for-each-ref --format=%(refname)%00%(upstream:short)%00%(objectname)%00%(upstream:track)%00%(upstream:remotename)%00%(upstream:remoteref) refs/heads/main refs/remotes/main [5ms]
2026-03-16 00:00:29.822 [info] > git status -z -uall [21ms]
2026-03-16 00:00:29.825 [info] > git for-each-ref --sort -committerdate --format %(refname)%00%(objectname)%00%(*objectname) [4ms]
2026-03-16 00:00:34.838 [info] > git config --get commit.template [3ms]
2026-03-16 00:00:34.855 [info] > git for-each-ref --format=%(refname)%00%(upstream:short)%00%(objectname)%00%(upstream:track)%00%(upstream:remotename)%00%(upstream:remoteref) refs/heads/main refs/remotes/main [6ms]
2026-03-16 00:00:34.893 [info] > git status -z -uall [23ms]
2026-03-16 00:00:34.898 [info] > git for-each-ref --sort -committerdate --format %(refname)%00%(objectname)%00%(*objectname) [9ms]
2026-03-16 00:00:39.914 [info] > git config --get commit.template [5ms]
2026-03-16 00:00:39.931 [info] > git for-each-ref --format=%(refname)%00%(upstream:short)%00%(objectname)%00%(upstream:track)%00%(upstream:remotename)%00%(upstream:remoteref) refs/heads/main refs/remotes/main [4ms]
2026-03-16 00:00:39.958 [info] > git status -z -uall [17ms]
2026-03-16 00:00:39.962 [info] > git for-each-ref --sort -committerdate --format %(refname)%00%(objectname)%00%(*objectname) [10ms]
2026-03-16 00:00:48.572 [info] > git config --get commit.template [13ms]
2026-03-16 00:00:48.574 [info] > git for-each-ref --format=%(refname)%00%(upstream:short)%00%(objectname)%00%(upstream:track)%00%(upstream:remotename)%00%(upstream:remoteref) refs/heads/main refs/remotes/main [2ms]
2026-03-16 00:00:48.593 [info] > git status -z -uall [11ms]
2026-03-16 00:00:48.597 [info] > git for-each-ref --sort -committerdate --format %(refname)%00%(objectname)%00%(*objectname) [5ms]
2026-03-16 00:00:53.611 [info] > git config --get commit.template [3ms]
2026-03-16 00:00:53.623 [info] > git for-each-ref --format=%(refname)%00%(upstream:short)%00%(objectname)%00%(upstream:track)%00%(upstream:remotename)%00%(upstream:remoteref) refs/heads/main refs/remotes/main [3ms]
2026-03-16 00:00:53.646 [info] > git status -z -uall [15ms]
2026-03-16 00:00:53.646 [info] > git for-each-ref --sort -committerdate --format %(refname)%00%(objectname)%00%(*objectname) [2ms]
2026-03-16 00:00:58.660 [info] > git config --get commit.template [3ms]
2026-03-16 00:00:58.673 [info] > git for-each-ref --format=%(refname)%00%(upstream:short)%00%(objectname)%00%(upstream:track)%00%(upstream:remotename)%00%(upstream:remoteref) refs/heads/main refs/remotes/main [2ms]
2026-03-16 00:00:58.696 [info] > git status -z -uall [13ms]
2026-03-16 00:00:58.700 [info] > git for-each-ref --sort -committerdate --format %(refname)%00%(objectname)%00%(*objectname) [8ms]
2026-03-16 00:01:05.564 [info] > git config --get commit.template [20ms]
2026-03-16 00:01:05.565 [info] > git for-each-ref --format=%(refname)%00%(upstream:short)%00%(objectname)%00%(upstream:track)%00%(upstream:remotename)%00%(upstream:remoteref) refs/heads/main refs/remotes/main [5ms]
2026-03-16 00:01:05.591 [info] > git status -z -uall [15ms]
2026-03-16 00:01:05.593 [info] > git for-each-ref --sort -committerdate --format %(refname)%00%(objectname)%00%(*objectname) [5ms]
2026-03-16 00:01:10.623 [info] > git config --get commit.template [19ms]
2026-03-16 00:01:10.624 [info] > git for-each-ref --format=%(refname)%00%(upstream:short)%00%(objectname)%00%(upstream:track)%00%(upstream:remotename)%00%(upstream:remoteref) refs/heads/main refs/remotes/main [3ms]
2026-03-16 00:01:10.657 [info] > git status -z -uall [23ms]
2026-03-16 00:01:10.657 [info] > git for-each-ref --sort -committerdate --format %(refname)%00%(objectname)%00%(*objectname) [3ms]
2026-03-16 00:01:15.669 [info] > git config --get commit.template [3ms]
2026-03-16 00:01:15.684 [info] > git for-each-ref --format=%(refname)%00%(upstream:short)%00%(objectname)%00%(upstream:track)%00%(upstream:remotename)%00%(upstream:remoteref) refs/heads/main refs/remotes/main [3ms]
2026-03-16 00:01:15.710 [info] > git status -z -uall [15ms]
2026-03-16 00:01:15.716 [info] > git for-each-ref --sort -committerdate --format %(refname)%00%(objectname)%00%(*objectname) [9ms]
2026-03-16 00:01:20.750 [info] > git config --get commit.template [14ms]
2026-03-16 00:01:20.751 [info] > git for-each-ref --format=%(refname)%00%(upstream:short)%00%(objectname)%00%(upstream:track)%00%(upstream:remotename)%00%(upstream:remoteref) refs/heads/main refs/remotes/main [5ms]
2026-03-16 00:01:20.783 [info] > git status -z -uall [18ms]
2026-03-16 00:01:20.785 [info] > git for-each-ref --sort -committerdate --format %(refname)%00%(objectname)%00%(*objectname) [4ms]
2026-03-16 00:01:25.803 [info] > git config --get commit.template [4ms]
2026-03-16 00:01:25.818 [info] > git for-each-ref --format=%(refname)%00%(upstream:short)%00%(objectname)%00%(upstream:track)%00%(upstream:remotename)%00%(upstream:remoteref) refs/heads/main refs/remotes/main [2ms]
2026-03-16 00:01:25.837 [info] > git status -z -uall [11ms]
2026-03-16 00:01:25.843 [info] > git for-each-ref --sort -committerdate --format %(refname)%00%(objectname)%00%(*objectname) [8ms]
2026-03-16 00:01:35.839 [info] > git config --get commit.template [19ms]
2026-03-16 00:01:35.839 [info] > git for-each-ref --format=%(refname)%00%(upstream:short)%00%(objectname)%00%(upstream:track)%00%(upstream:remotename)%00%(upstream:remoteref) refs/heads/main refs/remotes/main [4ms]
2026-03-16 00:01:35.880 [info] > git status -z -uall [29ms]
2026-03-16 00:01:35.884 [info] > git for-each-ref --sort -committerdate --format %(refname)%00%(objectname)%00%(*objectname) [4ms]
2026-03-16 00:01:40.895 [info] > git config --get commit.template [0ms]
2026-03-16 00:01:40.907 [info] > git for-each-ref --format=%(refname)%00%(upstream:short)%00%(objectname)%00%(upstream:track)%00%(upstream:remotename)%00%(upstream:remoteref) refs/heads/main refs/remotes/main [4ms]
2026-03-16 00:01:40.936 [info] > git status -z -uall [20ms]
2026-03-16 00:01:40.942 [info] > git for-each-ref --sort -committerdate --format %(refname)%00%(objectname)%00%(*objectname) [9ms]
2026-03-16 00:01:47.271 [info] > git config --get commit.template [3ms]
2026-03-16 00:01:47.281 [info] > git for-each-ref --format=%(refname)%00%(upstream:short)%00%(objectname)%00%(upstream:track)%00%(upstream:remotename)%00%(upstream:remoteref) refs/heads/main refs/remotes/main [1ms]
2026-03-16 00:01:47.309 [info] > git status -z -uall [15ms]
2026-03-16 00:01:47.317 [info] > git for-each-ref --sort -committerdate --format %(refname)%00%(objectname)%00%(*objectname) [8ms]
2026-03-16 00:01:52.349 [info] > git config --get commit.template [17ms]
2026-03-16 00:01:52.355 [info] > git for-each-ref --format=%(refname)%00%(upstream:short)%00%(objectname)%00%(upstream:track)%00%(upstream:remotename)%00%(upstream:remoteref) refs/heads/main refs/remotes/main [7ms]
2026-03-16 00:01:52.426 [info] > git status -z -uall [47ms]
2026-03-16 00:01:52.434 [info] > git for-each-ref --sort -committerdate --format %(refname)%00%(objectname)%00%(*objectname) [11ms]
2026-03-16 00:01:57.455 [info] > git config --get commit.template [8ms]
2026-03-16 00:01:57.485 [info] > git for-each-ref --format=%(refname)%00%(upstream:short)%00%(objectname)%00%(upstream:track)%00%(upstream:remotename)%00%(upstream:remoteref) refs/heads/main refs/remotes/main [11ms]
2026-03-16 00:01:57.523 [info] > git status -z -uall [13ms]
2026-03-16 00:01:57.528 [info] > git for-each-ref --sort -committerdate --format %(refname)%00%(objectname)%00%(*objectname) [8ms]
2026-03-16 00:04:05.751 [info] > git config --get commit.template [2ms]
2026-03-16 00:04:05.762 [info] > git for-each-ref --format=%(refname)%00%(upstream:short)%00%(objectname)%00%(upstream:track)%00%(upstream:remotename)%00%(upstream:remoteref) refs/heads/main refs/remotes/main [3ms]
2026-03-16 00:04:05.779 [info] > git status -z -uall [10ms]
2026-03-16 00:04:05.781 [info] > git for-each-ref --sort -committerdate --format %(refname)%00%(objectname)%00%(*objectname) [3ms]
2026-03-16 00:04:17.069 [info] > git config --get commit.template [3ms]
2026-03-16 00:04:17.085 [info] > git for-each-ref --format=%(refname)%00%(upstream:short)%00%(objectname)%00%(upstream:track)%00%(upstream:remotename)%00%(upstream:remoteref) refs/heads/main refs/remotes/main [2ms]
2026-03-16 00:04:17.116 [info] > git status -z -uall [17ms]
2026-03-16 00:04:17.121 [info] > git for-each-ref --sort -committerdate --format %(refname)%00%(objectname)%00%(*objectname) [6ms]
2026-03-16 00:04:50.736 [info] > git config --get commit.template [2ms]
2026-03-16 00:04:50.748 [info] > git for-each-ref --format=%(refname)%00%(upstream:short)%00%(objectname)%00%(upstream:track)%00%(upstream:remotename)%00%(upstream:remoteref) refs/heads/main refs/remotes/main [3ms]
2026-03-16 00:04:50.780 [info] > git status -z -uall [17ms]
2026-03-16 00:04:50.782 [info] > git for-each-ref --sort -committerdate --format %(refname)%00%(objectname)%00%(*objectname) [2ms]
2026-03-16 00:04:55.794 [info] > git config --get commit.template [1ms]
2026-03-16 00:04:55.809 [info] > git for-each-ref --format=%(refname)%00%(upstream:short)%00%(objectname)%00%(upstream:track)%00%(upstream:remotename)%00%(upstream:remoteref) refs/heads/main refs/remotes/main [5ms]
2026-03-16 00:04:55.838 [info] > git status -z -uall [20ms]
2026-03-16 00:04:55.844 [info] > git for-each-ref --sort -committerdate --format %(refname)%00%(objectname)%00%(*objectname) [6ms]
2026-03-16 00:05:03.447 [info] > git config --get commit.template [1ms]
2026-03-16 00:05:03.460 [info] > git for-each-ref --format=%(refname)%00%(upstream:short)%00%(objectname)%00%(upstream:track)%00%(upstream:remotename)%00%(upstream:remoteref) refs/heads/main refs/remotes/main [6ms]
2026-03-16 00:05:03.490 [info] > git status -z -uall [12ms]
2026-03-16 00:05:03.492 [info] > git for-each-ref --sort -committerdate --format %(refname)%00%(objectname)%00%(*objectname) [3ms]
2026-03-16 00:05:10.950 [info] > git config --get commit.template [4ms]
2026-03-16 00:05:10.964 [info] > git for-each-ref --format=%(refname)%00%(upstream:short)%00%(objectname)%00%(upstream:track)%00%(upstream:remotename)%00%(upstream:remoteref) refs/heads/main refs/remotes/main [4ms]
2026-03-16 00:05:10.989 [info] > git status -z -uall [15ms]
2026-03-16 00:05:10.992 [info] > git for-each-ref --sort -committerdate --format %(refname)%00%(objectname)%00%(*objectname) [4ms]
2026-03-16 00:05:16.006 [info] > git config --get commit.template [4ms]
2026-03-16 00:05:16.020 [info] > git for-each-ref --format=%(refname)%00%(upstream:short)%00%(objectname)%00%(upstream:track)%00%(upstream:remotename)%00%(upstream:remoteref) refs/heads/main refs/remotes/main [4ms]
2026-03-16 00:05:16.039 [info] > git status -z -uall [11ms]
2026-03-16 00:05:16.047 [info] > git for-each-ref --sort -committerdate --format %(refname)%00%(objectname)%00%(*objectname) [10ms]
2026-03-16 00:05:24.466 [info] > git config --get commit.template [0ms]
2026-03-16 00:05:24.476 [info] > git for-each-ref --format=%(refname)%00%(upstream:short)%00%(objectname)%00%(upstream:track)%00%(upstream:remotename)%00%(upstream:remoteref) refs/heads/main refs/remotes/main [3ms]
2026-03-16 00:05:24.517 [info] > git status -z -uall [25ms]
2026-03-16 00:05:24.517 [info] > git for-each-ref --sort -committerdate --format %(refname)%00%(objectname)%00%(*objectname) [6ms]
2026-03-16 00:09:07.060 [info] > git config --get commit.template [3ms]
2026-03-16 00:09:07.077 [info] > git for-each-ref --format=%(refname)%00%(upstream:short)%00%(objectname)%00%(upstream:track)%00%(upstream:remotename)%00%(upstream:remoteref) refs/heads/main refs/remotes/main [6ms]
2026-03-16 00:09:07.099 [info] > git status -z -uall [11ms]
2026-03-16 00:09:07.103 [info] > git for-each-ref --sort -committerdate --format %(refname)%00%(objectname)%00%(*objectname) [4ms]
2026-03-16 00:13:38.669 [info] > git config --get commit.template [4ms]
2026-03-16 00:13:38.681 [info] > git for-each-ref --format=%(refname)%00%(upstream:short)%00%(objectname)%00%(upstream:track)%00%(upstream:remotename)%00%(upstream:remoteref) refs/heads/main refs/remotes/main [1ms]
2026-03-16 00:13:38.725 [info] > git status -z -uall [27ms]
2026-03-16 00:13:38.726 [info] > git for-each-ref --sort -committerdate --format %(refname)%00%(objectname)%00%(*objectname) [7ms]
2026-03-16 00:14:55.072 [info] > git config --get commit.template [2ms]
2026-03-16 00:14:55.108 [info] > git for-each-ref --format=%(refname)%00%(upstream:short)%00%(objectname)%00%(upstream:track)%00%(upstream:remotename)%00%(upstream:remoteref) refs/heads/main refs/remotes/main [4ms]
2026-03-16 00:14:55.145 [info] > git status -z -uall [20ms]
2026-03-16 00:14:55.145 [info] > git for-each-ref --sort -committerdate --format %(refname)%00%(objectname)%00%(*objectname) [2ms]
2026-03-16 00:15:00.166 [info] > git config --get commit.template [11ms]
2026-03-16 00:15:00.168 [info] > git for-each-ref --format=%(refname)%00%(upstream:short)%00%(objectname)%00%(upstream:track)%00%(upstream:remotename)%00%(upstream:remoteref) refs/heads/main refs/remotes/main [2ms]
2026-03-16 00:15:00.186 [info] > git status -z -uall [11ms]
2026-03-16 00:15:00.188 [info] > git for-each-ref --sort -committerdate --format %(refname)%00%(objectname)%00%(*objectname) [4ms]
2026-03-16 00:15:05.201 [info] > git config --get commit.template [1ms]
2026-03-16 00:15:05.213 [info] > git for-each-ref --format=%(refname)%00%(upstream:short)%00%(objectname)%00%(upstream:track)%00%(upstream:remotename)%00%(upstream:remoteref) refs/heads/main refs/remotes/main [3ms]
2026-03-16 00:15:05.240 [info] > git status -z -uall [12ms]
2026-03-16 00:15:05.247 [info] > git for-each-ref --sort -committerdate --format %(refname)%00%(objectname)%00%(*objectname) [7ms]
2026-03-16 00:15:22.462 [info] > git config --get commit.template [3ms]
2026-03-16 00:15:22.474 [info] > git for-each-ref --format=%(refname)%00%(upstream:short)%00%(objectname)%00%(upstream:track)%00%(upstream:remotename)%00%(upstream:remoteref) refs/heads/main refs/remotes/main [2ms]
2026-03-16 00:15:22.492 [info] > git status -z -uall [11ms]
2026-03-16 00:15:22.496 [info] > git for-each-ref --sort -committerdate --format %(refname)%00%(objectname)%00%(*objectname) [5ms]
2026-03-16 00:17:55.547 [info] > git config --get commit.template [1ms]
2026-03-16 00:17:55.560 [info] > git for-each-ref --format=%(refname)%00%(upstream:short)%00%(objectname)%00%(upstream:track)%00%(upstream:remotename)%00%(upstream:remoteref) refs/heads/main refs/remotes/main [2ms]
2026-03-16 00:17:55.585 [info] > git status -z -uall [15ms]
2026-03-16 00:17:55.591 [info] > git for-each-ref --sort -committerdate --format %(refname)%00%(objectname)%00%(*objectname) [6ms]
2026-03-16 00:18:00.607 [info] > git config --get commit.template [1ms]
2026-03-16 00:18:00.627 [info] > git for-each-ref --format=%(refname)%00%(upstream:short)%00%(objectname)%00%(upstream:track)%00%(upstream:remotename)%00%(upstream:remoteref) refs/heads/main refs/remotes/main [5ms]
2026-03-16 00:18:00.654 [info] > git status -z -uall [16ms]
2026-03-16 00:18:00.661 [info] > git for-each-ref --sort -committerdate --format %(refname)%00%(objectname)%00%(*objectname) [7ms]
2026-03-16 00:19:07.171 [info] > git config --get commit.template [17ms]
2026-03-16 00:19:07.173 [info] > git for-each-ref --format=%(refname)%00%(upstream:short)%00%(objectname)%00%(upstream:track)%00%(upstream:remotename)%00%(upstream:remoteref) refs/heads/main refs/remotes/main [3ms]
2026-03-16 00:19:07.194 [info] > git status -z -uall [12ms]
2026-03-16 00:19:07.196 [info] > git for-each-ref --sort -committerdate --format %(refname)%00%(objectname)%00%(*objectname) [3ms]
2026-03-16 00:19:15.034 [info] > git config --get commit.template [12ms]
2026-03-16 00:19:15.036 [info] > git for-each-ref --format=%(refname)%00%(upstream:short)%00%(objectname)%00%(upstream:track)%00%(upstream:remotename)%00%(upstream:remoteref) refs/heads/main refs/remotes/main [3ms]
2026-03-16 00:19:15.062 [info] > git status -z -uall [18ms]
2026-03-16 00:19:15.065 [info] > git for-each-ref --sort -committerdate --format %(refname)%00%(objectname)%00%(*objectname) [6ms]
2026-03-16 00:19:40.425 [info] > git config --get commit.template [1ms]
2026-03-16 00:19:40.440 [info] > git for-each-ref --format=%(refname)%00%(upstream:short)%00%(objectname)%00%(upstream:track)%00%(upstream:remotename)%00%(upstream:remoteref) refs/heads/main refs/remotes/main [2ms]
2026-03-16 00:19:40.462 [info] > git status -z -uall [10ms]
2026-03-16 00:19:40.465 [info] > git for-each-ref --sort -committerdate --format %(refname)%00%(objectname)%00%(*objectname) [5ms]
2026-03-16 00:20:02.677 [info] > git config --get commit.template [2ms]
2026-03-16 00:20:02.695 [info] > git for-each-ref --format=%(refname)%00%(upstream:short)%00%(objectname)%00%(upstream:track)%00%(upstream:remotename)%00%(upstream:remoteref) refs/heads/main refs/remotes/main [4ms]
2026-03-16 00:20:02.724 [info] > git status -z -uall [15ms]
2026-03-16 00:20:02.726 [info] > git for-each-ref --sort -committerdate --format %(refname)%00%(objectname)%00%(*objectname) [3ms]
2026-03-16 00:20:35.488 [info] > git config --get commit.template [4ms]
2026-03-16 00:20:35.499 [info] > git for-each-ref --format=%(refname)%00%(upstream:short)%00%(objectname)%00%(upstream:track)%00%(upstream:remotename)%00%(upstream:remoteref) refs/heads/main refs/remotes/main [0ms]
2026-03-16 00:20:35.540 [info] > git status -z -uall [29ms]
2026-03-16 00:20:35.541 [info] > git for-each-ref --sort -committerdate --format %(refname)%00%(objectname)%00%(*objectname) [7ms]
2026-03-16 00:20:41.455 [info] > git config --get commit.template [17ms]
2026-03-16 00:20:41.457 [info] > git for-each-ref --format=%(refname)%00%(upstream:short)%00%(objectname)%00%(upstream:track)%00%(upstream:remotename)%00%(upstream:remoteref) refs/heads/main refs/remotes/main [5ms]
2026-03-16 00:20:41.481 [info] > git status -z -uall [14ms]
2026-03-16 00:20:41.483 [info] > git for-each-ref --sort -committerdate --format %(refname)%00%(objectname)%00%(*objectname) [3ms]
2026-03-16 00:21:01.513 [info] > git config --get commit.template [34ms]
2026-03-16 00:21:01.517 [info] > git for-each-ref --format=%(refname)%00%(upstream:short)%00%(objectname)%00%(upstream:track)%00%(upstream:remotename)%00%(upstream:remoteref) refs/heads/main refs/remotes/main [4ms]
2026-03-16 00:21:01.551 [info] > git status -z -uall [24ms]
2026-03-16 00:21:01.557 [info] > git for-each-ref --sort -committerdate --format %(refname)%00%(objectname)%00%(*objectname) [9ms]
2026-03-16 00:21:47.634 [info] > git for-each-ref --format=%(refname)%00%(upstream:short)%00%(objectname)%00%(upstream:track)%00%(upstream:remotename)%00%(upstream:remoteref) refs/heads/main refs/remotes/main [3ms]
2026-03-16 00:21:47.634 [info] > git config --get commit.template [15ms]
2026-03-16 00:21:47.655 [info] > git status -z -uall [13ms]
2026-03-16 00:21:47.658 [info] > git for-each-ref --sort -committerdate --format %(refname)%00%(objectname)%00%(*objectname) [6ms]
2026-03-16 00:23:40.602 [info] > git config --get commit.template [19ms]
2026-03-16 00:23:40.603 [info] > git for-each-ref --format=%(refname)%00%(upstream:short)%00%(objectname)%00%(upstream:track)%00%(upstream:remotename)%00%(upstream:remoteref) refs/heads/main refs/remotes/main [3ms]
2026-03-16 00:23:40.630 [info] > git status -z -uall [18ms]
2026-03-16 00:23:40.630 [info] > git for-each-ref --sort -committerdate --format %(refname)%00%(objectname)%00%(*objectname) [4ms]
2026-03-16 00:23:45.647 [info] > git config --get commit.template [3ms]
2026-03-16 00:23:45.657 [info] > git for-each-ref --format=%(refname)%00%(upstream:short)%00%(objectname)%00%(upstream:track)%00%(upstream:remotename)%00%(upstream:remoteref) refs/heads/main refs/remotes/main [2ms]
2026-03-16 00:23:45.677 [info] > git status -z -uall [11ms]
2026-03-16 00:23:45.680 [info] > git for-each-ref --sort -committerdate --format %(refname)%00%(objectname)%00%(*objectname) [4ms]
2026-03-16 00:23:53.198 [info] > git config --get commit.template [15ms]
2026-03-16 00:23:53.199 [info] > git for-each-ref --format=%(refname)%00%(upstream:short)%00%(objectname)%00%(upstream:track)%00%(upstream:remotename)%00%(upstream:remoteref) refs/heads/main refs/remotes/main [1ms]
2026-03-16 00:23:53.226 [info] > git status -z -uall [20ms]
2026-03-16 00:23:53.226 [info] > git for-each-ref --sort -committerdate --format %(refname)%00%(objectname)%00%(*objectname) [1ms]
2026-03-16 00:23:58.240 [info] > git config --get commit.template [1ms]
2026-03-16 00:23:58.253 [info] > git for-each-ref --format=%(refname)%00%(upstream:short)%00%(objectname)%00%(upstream:track)%00%(upstream:remotename)%00%(upstream:remoteref) refs/heads/main refs/remotes/main [2ms]
2026-03-16 00:23:58.281 [info] > git status -z -uall [19ms]
2026-03-16 00:23:58.285 [info] > git for-each-ref --sort -committerdate --format %(refname)%00%(objectname)%00%(*objectname) [5ms]
2026-03-16 00:24:03.311 [info] > git config --get commit.template [14ms]
2026-03-16 00:24:03.314 [info] > git for-each-ref --format=%(refname)%00%(upstream:short)%00%(objectname)%00%(upstream:track)%00%(upstream:remotename)%00%(upstream:remoteref) refs/heads/main refs/remotes/main [4ms]
2026-03-16 00:24:03.337 [info] > git status -z -uall [13ms]
2026-03-16 00:24:03.338 [info] > git for-each-ref --sort -committerdate --format %(refname)%00%(objectname)%00%(*objectname) [2ms]
2026-03-16 00:24:37.034 [info] > git config --get commit.template [13ms]
2026-03-16 00:24:37.035 [info] > git for-each-ref --format=%(refname)%00%(upstream:short)%00%(objectname)%00%(upstream:track)%00%(upstream:remotename)%00%(upstream:remoteref) refs/heads/main refs/remotes/main [2ms]
2026-03-16 00:24:37.055 [info] > git status -z -uall [12ms]
2026-03-16 00:24:37.060 [info] > git for-each-ref --sort -committerdate --format %(refname)%00%(objectname)%00%(*objectname) [5ms]
2026-03-16 00:25:30.342 [info] > git config --get commit.template [1ms]
2026-03-16 00:25:30.352 [info] > git for-each-ref --format=%(refname)%00%(upstream:short)%00%(objectname)%00%(upstream:track)%00%(upstream:remotename)%00%(upstream:remoteref) refs/heads/main refs/remotes/main [3ms]
2026-03-16 00:25:30.368 [info] > git status -z -uall [9ms]
2026-03-16 00:25:30.371 [info] > git for-each-ref --sort -committerdate --format %(refname)%00%(objectname)%00%(*objectname) [3ms]
2026-03-16 00:26:01.576 [info] > git config --get commit.template [3ms]
2026-03-16 00:26:01.585 [info] > git for-each-ref --format=%(refname)%00%(upstream:short)%00%(objectname)%00%(upstream:track)%00%(upstream:remotename)%00%(upstream:remoteref) refs/heads/main refs/remotes/main [2ms]
2026-03-16 00:26:01.603 [info] > git status -z -uall [10ms]
2026-03-16 00:26:01.606 [info] > git for-each-ref --sort -committerdate --format %(refname)%00%(objectname)%00%(*objectname) [3ms]
2026-03-16 00:26:19.002 [info] > git config --get commit.template [2ms]
2026-03-16 00:26:19.016 [info] > git for-each-ref --format=%(refname)%00%(upstream:short)%00%(objectname)%00%(upstream:track)%00%(upstream:remotename)%00%(upstream:remoteref) refs/heads/main refs/remotes/main [2ms]
2026-03-16 00:26:19.040 [info] > git status -z -uall [13ms]
2026-03-16 00:26:19.042 [info] > git for-each-ref --sort -committerdate --format %(refname)%00%(objectname)%00%(*objectname) [5ms]
2026-03-16 00:26:24.056 [info] > git config --get commit.template [4ms]
2026-03-16 00:26:24.072 [info] > git for-each-ref --format=%(refname)%00%(upstream:short)%00%(objectname)%00%(upstream:track)%00%(upstream:remotename)%00%(upstream:remoteref) refs/heads/main refs/remotes/main [3ms]
2026-03-16 00:26:24.098 [info] > git status -z -uall [15ms]
2026-03-16 00:26:24.103 [info] > git for-each-ref --sort -committerdate --format %(refname)%00%(objectname)%00%(*objectname) [6ms]
2026-03-16 00:26:29.881 [info] > git config --get commit.template [3ms]
2026-03-16 00:26:29.894 [info] > git for-each-ref --format=%(refname)%00%(upstream:short)%00%(objectname)%00%(upstream:track)%00%(upstream:remotename)%00%(upstream:remoteref) refs/heads/main refs/remotes/main [1ms]
2026-03-16 00:26:29.928 [info] > git status -z -uall [20ms]
2026-03-16 00:26:29.935 [info] > git for-each-ref --sort -committerdate --format %(refname)%00%(objectname)%00%(*objectname) [13ms]
2026-03-16 00:26:34.947 [info] > git config --get commit.template [4ms]
2026-03-16 00:26:34.962 [info] > git for-each-ref --format=%(refname)%00%(upstream:short)%00%(objectname)%00%(upstream:track)%00%(upstream:remotename)%00%(upstream:remoteref) refs/heads/main refs/remotes/main [3ms]
2026-03-16 00:26:34.981 [info] > git status -z -uall [11ms]
2026-03-16 00:26:34.983 [info] > git for-each-ref --sort -committerdate --format %(refname)%00%(objectname)%00%(*objectname) [4ms]
2026-03-16 00:26:39.998 [info] > git config --get commit.template [4ms]
2026-03-16 00:26:40.007 [info] > git for-each-ref --format=%(refname)%00%(upstream:short)%00%(objectname)%00%(upstream:track)%00%(upstream:remotename)%00%(upstream:remoteref) refs/heads/main refs/remotes/main [1ms]
2026-03-16 00:26:40.034 [info] > git status -z -uall [15ms]
2026-03-16 00:26:40.038 [info] > git for-each-ref --sort -committerdate --format %(refname)%00%(objectname)%00%(*objectname) [5ms]
2026-03-16 00:27:01.228 [info] > git config --get commit.template [1ms]
2026-03-16 00:27:01.249 [info] > git for-each-ref --format=%(refname)%00%(upstream:short)%00%(objectname)%00%(upstream:track)%00%(upstream:remotename)%00%(upstream:remoteref) refs/heads/main refs/remotes/main [4ms]
2026-03-16 00:27:01.269 [info] > git status -z -uall [12ms]
2026-03-16 00:27:01.272 [info] > git for-each-ref --sort -committerdate --format %(refname)%00%(objectname)%00%(*objectname) [4ms]
2026-03-16 00:27:41.201 [info] > git config --get commit.template [4ms]
2026-03-16 00:27:41.213 [info] > git for-each-ref --format=%(refname)%00%(upstream:short)%00%(objectname)%00%(upstream:track)%00%(upstream:remotename)%00%(upstream:remoteref) refs/heads/main refs/remotes/main [6ms]
2026-03-16 00:27:41.234 [info] > git status -z -uall [13ms]
2026-03-16 00:27:41.237 [info] > git for-each-ref --sort -committerdate --format %(refname)%00%(objectname)%00%(*objectname) [4ms]
2026-03-16 00:27:47.135 [info] > git config --get commit.template [2ms]
2026-03-16 00:27:47.148 [info] > git for-each-ref --format=%(refname)%00%(upstream:short)%00%(objectname)%00%(upstream:track)%00%(upstream:remotename)%00%(upstream:remoteref) refs/heads/main refs/remotes/main [3ms]
2026-03-16 00:27:47.172 [info] > git for-each-ref --sort -committerdate --format %(refname)%00%(objectname)%00%(*objectname) [3ms]
2026-03-16 00:27:47.172 [info] > git status -z -uall [12ms]
2026-03-16 00:28:26.259 [info] > git config --get commit.template [0ms]
2026-03-16 00:28:26.274 [info] > git for-each-ref --format=%(refname)%00%(upstream:short)%00%(objectname)%00%(upstream:track)%00%(upstream:remotename)%00%(upstream:remoteref) refs/heads/main refs/remotes/main [4ms]
2026-03-16 00:28:26.303 [info] > git status -z -uall [17ms]
2026-03-16 00:28:26.305 [info] > git for-each-ref --sort -committerdate --format %(refname)%00%(objectname)%00%(*objectname) [2ms]
2026-03-16 00:30:16.000 [info] > git config --get commit.template [2ms]
2026-03-16 00:30:16.013 [info] > git for-each-ref --format=%(refname)%00%(upstream:short)%00%(objectname)%00%(upstream:track)%00%(upstream:remotename)%00%(upstream:remoteref) refs/heads/main refs/remotes/main [3ms]
2026-03-16 00:30:16.046 [info] > git status -z -uall [20ms]
2026-03-16 00:30:16.047 [info] > git for-each-ref --sort -committerdate --format %(refname)%00%(objectname)%00%(*objectname) [4ms]
2026-03-16 00:30:26.806 [info] > git config --get commit.template [5ms]
2026-03-16 00:30:26.824 [info] > git for-each-ref --format=%(refname)%00%(upstream:short)%00%(objectname)%00%(upstream:track)%00%(upstream:remotename)%00%(upstream:remoteref) refs/heads/main refs/remotes/main [4ms]
2026-03-16 00:30:26.857 [info] > git status -z -uall [17ms]
2026-03-16 00:30:26.861 [info] > git for-each-ref --sort -committerdate --format %(refname)%00%(objectname)%00%(*objectname) [5ms]
