2026-03-15 22:29:48.402 [info] Reading sessions from keychain...
2026-03-15 22:29:48.402 [info] Got stored sessions!
2026-03-15 22:29:48.402 [info] Got 6 verified sessions.
2026-03-15 22:29:48.402 [info] Getting sessions for all scopes...
2026-03-15 22:29:48.402 [info] Got 6 sessions for ...
2026-03-15 22:29:48.402 [info] Getting sessions for all scopes...
2026-03-15 22:29:48.402 [info] Got 6 sessions for ...
2026-03-15 22:29:48.402 [info] Getting sessions for all scopes...
2026-03-15 22:29:48.402 [info] Got 6 sessions for ...
2026-03-15 22:29:48.402 [info] Getting sessions for all scopes...
2026-03-15 22:29:48.402 [info] Got 6 sessions for ...
2026-03-15 22:29:48.402 [info] Getting sessions for user:email...
2026-03-15 22:29:48.402 [info] Got 1 sessions for user:email...
2026-03-15 22:29:48.402 [info] Getting sessions for all scopes...
2026-03-15 22:29:48.402 [info] Got 6 sessions for ...
2026-03-15 22:29:48.402 [info] Getting sessions for all scopes...
2026-03-15 22:29:48.402 [info] Got 6 sessions for ...
2026-03-15 22:29:48.402 [info] Getting sessions for codespace,read:user,repo,user:email...
2026-03-15 22:29:48.402 [info] Got 1 sessions for codespace,read:user,repo,user:email...
2026-03-15 22:29:48.402 [info] Getting sessions for all scopes...
2026-03-15 22:29:48.402 [info] Got 6 sessions for ...
2026-03-15 22:29:48.538 [info] Getting sessions for all scopes...
2026-03-15 22:29:48.538 [info] Got 6 sessions for ...
2026-03-15 22:29:48.732 [info] Getting sessions for all scopes...
2026-03-15 22:29:48.732 [info] Got 6 sessions for ...
2026-03-15 22:29:48.757 [info] Getting sessions for project,read:org,read:user,repo,user:email,workflow...
2026-03-15 22:29:48.757 [info] Got 0 sessions for project,read:org,read:user,repo,user:email,workflow...
2026-03-15 22:29:48.928 [info] Getting sessions for all scopes...
2026-03-15 22:29:48.933 [info] Got 6 sessions for ...
2026-03-15 22:29:49.114 [info] FetcherService: Node fetch failed with status: 429 Too Many Requests
2026-03-15 22:29:49.118 [info] Unable to resolve optional EDU details. Status: 429 Too Many Requests
2026-03-15 22:29:49.138 [info] Getting sessions for all scopes...
2026-03-15 22:29:49.148 [info] Got 6 sessions for ...
2026-03-15 22:29:49.269 [info] Getting sessions for read:user,repo,user:email,workflow...
2026-03-15 22:29:49.269 [info] Got 1 sessions for read:user,repo,user:email,workflow...
2026-03-15 22:29:50.552 [info] Getting sessions for read:user,repo,user:email,workflow...
2026-03-15 22:29:50.553 [info] Got 1 sessions for read:user,repo,user:email,workflow...
2026-03-15 22:31:23.148 [info] Getting sessions for all scopes...
2026-03-15 22:31:23.148 [info] Got 6 sessions for ...
2026-03-15 22:31:23.184 [info] Getting sessions for all scopes...
2026-03-15 22:31:23.184 [info] Got 6 sessions for ...
2026-03-15 22:32:27.657 [info] Getting sessions for all scopes...
2026-03-15 22:32:27.657 [info] Got 6 sessions for ...
2026-03-15 22:32:27.701 [info] Getting sessions for all scopes...
2026-03-15 22:32:27.701 [info] Got 6 sessions for ...
2026-03-15 22:32:32.579 [info] Getting sessions for all scopes...
2026-03-15 22:32:32.579 [info] Got 6 sessions for ...
2026-03-15 22:32:32.627 [info] Getting sessions for all scopes...
2026-03-15 22:32:32.627 [info] Got 6 sessions for ...
2026-03-15 22:32:39.647 [info] Getting sessions for all scopes...
2026-03-15 22:32:39.647 [info] Got 6 sessions for ...
2026-03-15 22:32:39.690 [info] Getting sessions for all scopes...
2026-03-15 22:32:39.690 [info] Got 6 sessions for ...
2026-03-15 22:32:44.839 [info] Getting sessions for all scopes...
2026-03-15 22:32:44.839 [info] Got 6 sessions for ...
2026-03-15 22:32:44.884 [info] Getting sessions for all scopes...
2026-03-15 22:32:44.884 [info] Got 6 sessions for ...
2026-03-15 22:32:49.427 [info] Getting sessions for all scopes...
2026-03-15 22:32:49.427 [info] Got 6 sessions for ...
2026-03-15 22:32:49.507 [info] Getting sessions for all scopes...
2026-03-15 22:32:49.507 [info] Got 6 sessions for ...
2026-03-15 22:32:51.699 [info] Getting sessions for all scopes...
2026-03-15 22:32:51.699 [info] Got 6 sessions for ...
2026-03-15 22:32:51.747 [info] Getting sessions for all scopes...
2026-03-15 22:32:51.747 [info] Got 6 sessions for ...
2026-03-15 22:32:56.259 [info] Getting sessions for all scopes...
2026-03-15 22:32:56.259 [info] Got 6 sessions for ...
2026-03-15 22:32:56.304 [info] Getting sessions for all scopes...
2026-03-15 22:32:56.304 [info] Got 6 sessions for ...
2026-03-15 22:33:00.710 [info] Getting sessions for all scopes...
2026-03-15 22:33:00.710 [info] Got 6 sessions for ...
2026-03-15 22:33:00.749 [info] Getting sessions for all scopes...
2026-03-15 22:33:00.749 [info] Got 6 sessions for ...
2026-03-15 22:33:05.739 [info] Getting sessions for all scopes...
2026-03-15 22:33:05.739 [info] Got 6 sessions for ...
2026-03-15 22:33:05.785 [info] Getting sessions for all scopes...
2026-03-15 22:33:05.785 [info] Got 6 sessions for ...
2026-03-15 22:33:09.759 [info] Getting sessions for all scopes...
2026-03-15 22:33:09.759 [info] Got 6 sessions for ...
2026-03-15 22:33:09.825 [info] Getting sessions for all scopes...
2026-03-15 22:33:09.825 [info] Got 6 sessions for ...
2026-03-15 22:33:20.480 [info] Getting sessions for all scopes...
2026-03-15 22:33:20.480 [info] Got 6 sessions for ...
2026-03-15 22:33:20.524 [info] Getting sessions for all scopes...
2026-03-15 22:33:20.524 [info] Got 6 sessions for ...
2026-03-15 22:33:31.659 [info] Getting sessions for all scopes...
2026-03-15 22:33:31.659 [info] Got 6 sessions for ...
2026-03-15 22:33:31.705 [info] Getting sessions for all scopes...
2026-03-15 22:33:31.705 [info] Got 6 sessions for ...
2026-03-15 22:33:35.639 [info] Getting sessions for all scopes...
2026-03-15 22:33:35.639 [info] Got 6 sessions for ...
2026-03-15 22:33:35.684 [info] Getting sessions for all scopes...
2026-03-15 22:33:35.684 [info] Got 6 sessions for ...
2026-03-15 22:33:59.859 [info] Getting sessions for all scopes...
2026-03-15 22:33:59.859 [info] Got 6 sessions for ...
2026-03-15 22:33:59.904 [info] Getting sessions for all scopes...
2026-03-15 22:33:59.904 [info] Got 6 sessions for ...
2026-03-15 22:34:18.101 [info] Getting sessions for all scopes...
2026-03-15 22:34:18.101 [info] Got 6 sessions for ...
2026-03-15 22:34:18.146 [info] Getting sessions for all scopes...
2026-03-15 22:34:18.146 [info] Got 6 sessions for ...
2026-03-15 22:35:09.374 [info] Getting sessions for all scopes...
2026-03-15 22:35:09.375 [info] Got 6 sessions for ...
2026-03-15 22:35:09.423 [info] Getting sessions for all scopes...
2026-03-15 22:35:09.423 [info] Got 6 sessions for ...
2026-03-15 22:35:21.639 [info] Getting sessions for all scopes...
2026-03-15 22:35:21.639 [info] Got 6 sessions for ...
2026-03-15 22:35:21.683 [info] Getting sessions for all scopes...
2026-03-15 22:35:21.683 [info] Got 6 sessions for ...
2026-03-15 22:35:23.298 [info] Getting sessions for all scopes...
2026-03-15 22:35:23.298 [info] Got 6 sessions for ...
2026-03-15 22:35:23.339 [info] Getting sessions for all scopes...
2026-03-15 22:35:23.339 [info] Got 6 sessions for ...
2026-03-15 22:37:45.320 [info] Getting sessions for all scopes...
2026-03-15 22:37:45.320 [info] Got 6 sessions for ...
2026-03-15 22:37:45.369 [info] Getting sessions for all scopes...
2026-03-15 22:37:45.369 [info] Got 6 sessions for ...
2026-03-15 22:38:02.638 [info] Getting sessions for all scopes...
2026-03-15 22:38:02.638 [info] Got 6 sessions for ...
2026-03-15 22:38:02.683 [info] Getting sessions for all scopes...
2026-03-15 22:38:02.683 [info] Got 6 sessions for ...
2026-03-15 22:38:02.738 [info] Getting sessions for all scopes...
2026-03-15 22:38:02.738 [info] Got 6 sessions for ...
2026-03-15 22:38:02.785 [info] Getting sessions for all scopes...
2026-03-15 22:38:02.785 [info] Got 6 sessions for ...
2026-03-15 22:38:35.555 [info] Getting sessions for all scopes...
2026-03-15 22:38:35.555 [info] Got 6 sessions for ...
2026-03-15 22:38:35.603 [info] Getting sessions for all scopes...
2026-03-15 22:38:35.603 [info] Got 6 sessions for ...
2026-03-15 22:38:47.628 [info] Getting sessions for all scopes...
2026-03-15 22:38:47.628 [info] Got 6 sessions for ...
2026-03-15 22:38:47.684 [info] Getting sessions for all scopes...
2026-03-15 22:38:47.684 [info] Got 6 sessions for ...
2026-03-15 22:38:52.699 [info] Getting sessions for all scopes...
2026-03-15 22:38:52.699 [info] Got 6 sessions for ...
2026-03-15 22:38:52.752 [info] Getting sessions for all scopes...
2026-03-15 22:38:52.752 [info] Got 6 sessions for ...
2026-03-15 22:39:47.544 [info] Getting sessions for all scopes...
2026-03-15 22:39:47.544 [info] Got 6 sessions for ...
2026-03-15 22:39:47.589 [info] Getting sessions for all scopes...
2026-03-15 22:39:47.589 [info] Got 6 sessions for ...
2026-03-15 22:40:17.644 [info] Getting sessions for all scopes...
2026-03-15 22:40:17.644 [info] Got 6 sessions for ...
2026-03-15 22:40:17.684 [info] Getting sessions for all scopes...
2026-03-15 22:40:17.684 [info] Got 6 sessions for ...
2026-03-15 22:41:22.183 [info] Getting sessions for all scopes...
2026-03-15 22:41:22.183 [info] Got 6 sessions for ...
2026-03-15 22:41:22.244 [info] Getting sessions for all scopes...
2026-03-15 22:41:22.244 [info] Got 6 sessions for ...
2026-03-15 22:41:29.635 [info] Getting sessions for all scopes...
2026-03-15 22:41:29.635 [info] Got 6 sessions for ...
2026-03-15 22:41:29.683 [info] Getting sessions for all scopes...
2026-03-15 22:41:29.683 [info] Got 6 sessions for ...
2026-03-15 22:41:30.638 [info] Getting sessions for all scopes...
2026-03-15 22:41:30.638 [info] Got 6 sessions for ...
2026-03-15 22:41:30.677 [info] Getting sessions for all scopes...
2026-03-15 22:41:30.677 [info] Got 6 sessions for ...
2026-03-15 22:41:37.660 [info] Getting sessions for all scopes...
2026-03-15 22:41:37.660 [info] Got 6 sessions for ...
2026-03-15 22:41:37.704 [info] Getting sessions for all scopes...
2026-03-15 22:41:37.704 [info] Got 6 sessions for ...
2026-03-15 22:41:42.159 [info] Getting sessions for all scopes...
2026-03-15 22:41:42.159 [info] Got 6 sessions for ...
2026-03-15 22:41:42.203 [info] Getting sessions for all scopes...
2026-03-15 22:41:42.203 [info] Got 6 sessions for ...
2026-03-15 22:41:46.523 [info] Getting sessions for all scopes...
2026-03-15 22:41:46.523 [info] Got 6 sessions for ...
2026-03-15 22:41:46.568 [info] Getting sessions for all scopes...
2026-03-15 22:41:46.568 [info] Got 6 sessions for ...
2026-03-15 22:41:49.638 [info] Getting sessions for all scopes...
2026-03-15 22:41:49.638 [info] Got 6 sessions for ...
2026-03-15 22:41:49.754 [info] Getting sessions for all scopes...
2026-03-15 22:41:49.754 [info] Got 6 sessions for ...
2026-03-15 22:41:52.019 [info] Getting sessions for all scopes...
2026-03-15 22:41:52.019 [info] Got 6 sessions for ...
2026-03-15 22:41:52.063 [info] Getting sessions for all scopes...
2026-03-15 22:41:52.063 [info] Got 6 sessions for ...
2026-03-15 22:41:57.679 [info] Getting sessions for all scopes...
2026-03-15 22:41:57.679 [info] Got 6 sessions for ...
2026-03-15 22:41:57.750 [info] Getting sessions for all scopes...
2026-03-15 22:41:57.750 [info] Got 6 sessions for ...
2026-03-15 22:42:00.198 [info] Getting sessions for all scopes...
2026-03-15 22:42:00.198 [info] Got 6 sessions for ...
2026-03-15 22:42:00.243 [info] Getting sessions for all scopes...
2026-03-15 22:42:00.243 [info] Got 6 sessions for ...
2026-03-15 22:42:09.623 [info] Getting sessions for all scopes...
2026-03-15 22:42:09.624 [info] Got 6 sessions for ...
2026-03-15 22:42:09.665 [info] Getting sessions for all scopes...
2026-03-15 22:42:09.665 [info] Got 6 sessions for ...
2026-03-15 22:42:16.794 [info] Getting sessions for all scopes...
2026-03-15 22:42:16.794 [info] Got 6 sessions for ...
2026-03-15 22:42:16.870 [info] Getting sessions for all scopes...
2026-03-15 22:42:16.870 [info] Got 6 sessions for ...
2026-03-15 22:42:20.623 [info] Getting sessions for all scopes...
2026-03-15 22:42:20.623 [info] Got 6 sessions for ...
2026-03-15 22:42:21.670 [info] Getting sessions for all scopes...
2026-03-15 22:42:21.670 [info] Got 6 sessions for ...
2026-03-15 22:42:22.390 [info] Getting sessions for all scopes...
2026-03-15 22:42:22.390 [info] Got 6 sessions for ...
2026-03-15 22:42:22.445 [info] Getting sessions for all scopes...
2026-03-15 22:42:22.445 [info] Got 6 sessions for ...
2026-03-15 22:42:28.335 [info] Getting sessions for all scopes...
2026-03-15 22:42:28.335 [info] Got 6 sessions for ...
2026-03-15 22:42:28.374 [info] Getting sessions for all scopes...
2026-03-15 22:42:28.374 [info] Got 6 sessions for ...
2026-03-15 22:42:42.079 [info] Getting sessions for all scopes...
2026-03-15 22:42:42.079 [info] Got 6 sessions for ...
2026-03-15 22:42:42.144 [info] Getting sessions for all scopes...
2026-03-15 22:42:42.144 [info] Got 6 sessions for ...
2026-03-15 22:42:46.638 [info] Getting sessions for all scopes...
2026-03-15 22:42:46.638 [info] Got 6 sessions for ...
2026-03-15 22:42:46.684 [info] Getting sessions for all scopes...
2026-03-15 22:42:46.684 [info] Got 6 sessions for ...
2026-03-15 22:42:50.563 [info] Getting sessions for all scopes...
2026-03-15 22:42:50.563 [info] Got 6 sessions for ...
2026-03-15 22:42:50.654 [info] Getting sessions for all scopes...
2026-03-15 22:42:50.654 [info] Got 6 sessions for ...
2026-03-15 22:43:30.658 [info] Getting sessions for all scopes...
2026-03-15 22:43:30.658 [info] Got 6 sessions for ...
2026-03-15 22:43:30.703 [info] Getting sessions for all scopes...
2026-03-15 22:43:30.703 [info] Got 6 sessions for ...
2026-03-15 22:43:37.637 [info] Getting sessions for all scopes...
2026-03-15 22:43:37.637 [info] Got 6 sessions for ...
2026-03-15 22:43:37.685 [info] Getting sessions for all scopes...
2026-03-15 22:43:37.685 [info] Got 6 sessions for ...
2026-03-15 22:43:45.077 [info] Getting sessions for all scopes...
2026-03-15 22:43:45.077 [info] Got 6 sessions for ...
2026-03-15 22:43:45.160 [info] Getting sessions for all scopes...
2026-03-15 22:43:45.160 [info] Got 6 sessions for ...
2026-03-15 22:43:48.628 [info] Getting sessions for all scopes...
2026-03-15 22:43:48.628 [info] Got 6 sessions for ...
2026-03-15 22:43:48.683 [info] Getting sessions for all scopes...
2026-03-15 22:43:48.683 [info] Got 6 sessions for ...
2026-03-15 22:43:48.723 [info] Getting sessions for all scopes...
2026-03-15 22:43:48.723 [info] Got 6 sessions for ...
2026-03-15 22:43:48.764 [info] Getting sessions for all scopes...
2026-03-15 22:43:48.764 [info] Got 6 sessions for ...
2026-03-15 22:43:51.638 [info] Getting sessions for all scopes...
2026-03-15 22:43:51.638 [info] Got 6 sessions for ...
2026-03-15 22:43:51.683 [info] Getting sessions for all scopes...
2026-03-15 22:43:51.683 [info] Got 6 sessions for ...
2026-03-15 22:43:53.173 [info] Getting sessions for all scopes...
2026-03-15 22:43:53.173 [info] Got 6 sessions for ...
2026-03-15 22:43:53.223 [info] Getting sessions for all scopes...
2026-03-15 22:43:53.223 [info] Got 6 sessions for ...
2026-03-15 22:43:57.623 [info] Getting sessions for all scopes...
2026-03-15 22:43:57.623 [info] Got 6 sessions for ...
2026-03-15 22:43:57.678 [info] Getting sessions for all scopes...
2026-03-15 22:43:57.678 [info] Got 6 sessions for ...
2026-03-15 22:44:12.499 [info] Getting sessions for all scopes...
2026-03-15 22:44:12.499 [info] Got 6 sessions for ...
2026-03-15 22:44:12.548 [info] Getting sessions for all scopes...
2026-03-15 22:44:12.548 [info] Got 6 sessions for ...
2026-03-15 22:44:20.438 [info] Getting sessions for all scopes...
2026-03-15 22:44:20.438 [info] Got 6 sessions for ...
2026-03-15 22:44:20.490 [info] Getting sessions for all scopes...
2026-03-15 22:44:20.490 [info] Got 6 sessions for ...
2026-03-15 22:44:27.078 [info] Getting sessions for all scopes...
2026-03-15 22:44:27.078 [info] Got 6 sessions for ...
2026-03-15 22:44:27.148 [info] Getting sessions for all scopes...
2026-03-15 22:44:27.148 [info] Got 6 sessions for ...
2026-03-15 22:44:36.344 [info] Getting sessions for all scopes...
2026-03-15 22:44:36.344 [info] Got 6 sessions for ...
2026-03-15 22:44:36.392 [info] Getting sessions for all scopes...
2026-03-15 22:44:36.392 [info] Got 6 sessions for ...
2026-03-15 22:44:38.622 [info] Getting sessions for all scopes...
2026-03-15 22:44:38.623 [info] Got 6 sessions for ...
2026-03-15 22:44:38.662 [info] Getting sessions for all scopes...
2026-03-15 22:44:38.662 [info] Got 6 sessions for ...
2026-03-15 22:44:40.027 [info] Getting sessions for all scopes...
2026-03-15 22:44:40.027 [info] Got 6 sessions for ...
2026-03-15 22:44:40.065 [info] Getting sessions for all scopes...
2026-03-15 22:44:40.065 [info] Got 6 sessions for ...
2026-03-15 22:44:42.624 [info] Getting sessions for all scopes...
2026-03-15 22:44:42.624 [info] Got 6 sessions for ...
2026-03-15 22:44:42.707 [info] Getting sessions for all scopes...
2026-03-15 22:44:42.707 [info] Got 6 sessions for ...
2026-03-15 22:44:47.724 [info] Getting sessions for all scopes...
2026-03-15 22:44:47.724 [info] Got 6 sessions for ...
2026-03-15 22:44:47.789 [info] Getting sessions for all scopes...
2026-03-15 22:44:47.789 [info] Got 6 sessions for ...
2026-03-15 22:45:16.638 [info] Getting sessions for all scopes...
2026-03-15 22:45:16.638 [info] Got 6 sessions for ...
2026-03-15 22:45:16.683 [info] Getting sessions for all scopes...
2026-03-15 22:45:16.683 [info] Got 6 sessions for ...
2026-03-15 22:45:23.338 [info] Getting sessions for all scopes...
2026-03-15 22:45:23.338 [info] Got 6 sessions for ...
2026-03-15 22:45:23.387 [info] Getting sessions for all scopes...
2026-03-15 22:45:23.387 [info] Got 6 sessions for ...
2026-03-15 22:45:35.637 [info] Getting sessions for all scopes...
2026-03-15 22:45:35.637 [info] Got 6 sessions for ...
2026-03-15 22:45:36.643 [info] Getting sessions for all scopes...
2026-03-15 22:45:36.643 [info] Got 6 sessions for ...
2026-03-15 22:45:41.626 [info] Getting sessions for all scopes...
2026-03-15 22:45:41.626 [info] Got 6 sessions for ...
2026-03-15 22:45:41.666 [info] Getting sessions for all scopes...
2026-03-15 22:45:41.666 [info] Got 6 sessions for ...
2026-03-15 22:45:44.644 [info] Getting sessions for all scopes...
2026-03-15 22:45:44.644 [info] Got 6 sessions for ...
2026-03-15 22:45:44.703 [info] Getting sessions for all scopes...
2026-03-15 22:45:44.703 [info] Got 6 sessions for ...
2026-03-15 22:45:47.543 [info] Getting sessions for all scopes...
2026-03-15 22:45:47.543 [info] Got 6 sessions for ...
2026-03-15 22:45:47.583 [info] Getting sessions for all scopes...
2026-03-15 22:45:47.583 [info] Got 6 sessions for ...
2026-03-15 22:45:52.643 [info] Getting sessions for all scopes...
2026-03-15 22:45:52.643 [info] Got 6 sessions for ...
2026-03-15 22:45:52.684 [info] Getting sessions for all scopes...
2026-03-15 22:45:52.684 [info] Got 6 sessions for ...
2026-03-15 22:45:55.622 [info] Getting sessions for all scopes...
2026-03-15 22:45:55.622 [info] Got 6 sessions for ...
2026-03-15 22:45:55.707 [info] Getting sessions for all scopes...
2026-03-15 22:45:55.707 [info] Got 6 sessions for ...
2026-03-15 22:46:07.641 [info] Getting sessions for all scopes...
2026-03-15 22:46:07.641 [info] Got 6 sessions for ...
2026-03-15 22:46:07.703 [info] Getting sessions for all scopes...
2026-03-15 22:46:07.703 [info] Got 6 sessions for ...
2026-03-15 22:47:06.387 [info] Getting sessions for all scopes...
2026-03-15 22:47:06.387 [info] Got 6 sessions for ...
2026-03-15 22:47:06.451 [info] Getting sessions for all scopes...
2026-03-15 22:47:06.451 [info] Got 6 sessions for ...
2026-03-15 22:47:10.648 [info] Getting sessions for all scopes...
2026-03-15 22:47:10.648 [info] Got 6 sessions for ...
2026-03-15 22:47:10.697 [info] Getting sessions for all scopes...
2026-03-15 22:47:10.697 [info] Got 6 sessions for ...
2026-03-15 22:47:29.098 [info] Getting sessions for all scopes...
2026-03-15 22:47:29.099 [info] Got 6 sessions for ...
2026-03-15 22:47:29.143 [info] Getting sessions for all scopes...
2026-03-15 22:47:29.143 [info] Got 6 sessions for ...
2026-03-15 22:47:44.628 [info] Getting sessions for all scopes...
2026-03-15 22:47:44.628 [info] Got 6 sessions for ...
2026-03-15 22:47:44.682 [info] Getting sessions for all scopes...
2026-03-15 22:47:44.682 [info] Got 6 sessions for ...
2026-03-15 22:47:50.410 [info] Getting sessions for all scopes...
2026-03-15 22:47:50.410 [info] Got 6 sessions for ...
2026-03-15 22:47:50.498 [info] Getting sessions for all scopes...
2026-03-15 22:47:50.498 [info] Got 6 sessions for ...
2026-03-15 22:48:50.644 [info] Getting sessions for all scopes...
2026-03-15 22:48:50.644 [info] Got 6 sessions for ...
2026-03-15 22:48:51.652 [info] Getting sessions for all scopes...
2026-03-15 22:48:51.652 [info] Got 6 sessions for ...
2026-03-15 22:49:00.143 [info] Getting sessions for all scopes...
2026-03-15 22:49:00.143 [info] Got 6 sessions for ...
2026-03-15 22:49:00.184 [info] Getting sessions for all scopes...
2026-03-15 22:49:00.184 [info] Got 6 sessions for ...
2026-03-15 22:49:13.264 [info] Getting sessions for all scopes...
2026-03-15 22:49:13.264 [info] Got 6 sessions for ...
2026-03-15 22:49:13.304 [info] Getting sessions for all scopes...
2026-03-15 22:49:13.304 [info] Got 6 sessions for ...
2026-03-15 22:51:17.898 [info] Getting sessions for all scopes...
2026-03-15 22:51:17.898 [info] Got 6 sessions for ...
2026-03-15 22:51:17.943 [info] Getting sessions for all scopes...
2026-03-15 22:51:17.943 [info] Got 6 sessions for ...
2026-03-15 22:51:34.642 [info] Getting sessions for all scopes...
2026-03-15 22:51:34.642 [info] Got 6 sessions for ...
2026-03-15 22:51:34.701 [info] Getting sessions for all scopes...
2026-03-15 22:51:34.702 [info] Got 6 sessions for ...
2026-03-15 22:51:36.757 [info] Getting sessions for all scopes...
2026-03-15 22:51:36.757 [info] Got 6 sessions for ...
2026-03-15 22:51:36.806 [info] Getting sessions for all scopes...
2026-03-15 22:51:36.806 [info] Got 6 sessions for ...
2026-03-15 22:51:41.662 [info] Getting sessions for all scopes...
2026-03-15 22:51:41.662 [info] Got 6 sessions for ...
2026-03-15 22:51:41.701 [info] Getting sessions for all scopes...
2026-03-15 22:51:41.701 [info] Got 6 sessions for ...
2026-03-15 22:51:42.259 [info] Getting sessions for all scopes...
2026-03-15 22:51:42.259 [info] Got 6 sessions for ...
2026-03-15 22:51:42.319 [info] Getting sessions for all scopes...
2026-03-15 22:51:42.319 [info] Got 6 sessions for ...
2026-03-15 22:51:45.646 [info] Getting sessions for all scopes...
2026-03-15 22:51:45.646 [info] Got 6 sessions for ...
2026-03-15 22:51:45.702 [info] Getting sessions for all scopes...
2026-03-15 22:51:45.702 [info] Got 6 sessions for ...
2026-03-15 22:51:47.242 [info] Getting sessions for all scopes...
2026-03-15 22:51:47.242 [info] Got 6 sessions for ...
2026-03-15 22:51:47.291 [info] Getting sessions for all scopes...
2026-03-15 22:51:47.291 [info] Got 6 sessions for ...
2026-03-15 22:51:51.644 [info] Getting sessions for all scopes...
2026-03-15 22:51:51.644 [info] Got 6 sessions for ...
2026-03-15 22:51:51.682 [info] Getting sessions for all scopes...
2026-03-15 22:51:51.682 [info] Got 6 sessions for ...
2026-03-15 22:51:53.480 [info] Getting sessions for all scopes...
2026-03-15 22:51:53.480 [info] Got 6 sessions for ...
2026-03-15 22:51:53.560 [info] Getting sessions for all scopes...
2026-03-15 22:51:53.560 [info] Got 6 sessions for ...
2026-03-15 22:52:44.137 [info] Getting sessions for all scopes...
2026-03-15 22:52:44.137 [info] Got 6 sessions for ...
2026-03-15 22:52:44.189 [info] Getting sessions for all scopes...
2026-03-15 22:52:44.189 [info] Got 6 sessions for ...
2026-03-15 22:52:52.636 [info] Getting sessions for all scopes...
2026-03-15 22:52:52.637 [info] Got 6 sessions for ...
2026-03-15 22:52:52.677 [info] Getting sessions for all scopes...
2026-03-15 22:52:52.677 [info] Got 6 sessions for ...
2026-03-15 22:52:53.617 [info] Getting sessions for all scopes...
2026-03-15 22:52:53.618 [info] Got 6 sessions for ...
2026-03-15 22:52:53.661 [info] Getting sessions for all scopes...
2026-03-15 22:52:53.661 [info] Got 6 sessions for ...
2026-03-15 22:53:01.643 [info] Getting sessions for all scopes...
2026-03-15 22:53:01.643 [info] Got 6 sessions for ...
2026-03-15 22:53:01.689 [info] Getting sessions for all scopes...
2026-03-15 22:53:01.689 [info] Got 6 sessions for ...
2026-03-15 22:53:04.514 [info] Getting sessions for all scopes...
2026-03-15 22:53:04.514 [info] Got 6 sessions for ...
2026-03-15 22:53:04.563 [info] Getting sessions for all scopes...
2026-03-15 22:53:04.563 [info] Got 6 sessions for ...
2026-03-15 22:53:09.645 [info] Getting sessions for all scopes...
2026-03-15 22:53:09.645 [info] Got 6 sessions for ...
2026-03-15 22:53:09.703 [info] Getting sessions for all scopes...
2026-03-15 22:53:09.703 [info] Got 6 sessions for ...
2026-03-15 22:53:12.733 [info] Getting sessions for all scopes...
2026-03-15 22:53:12.733 [info] Got 6 sessions for ...
2026-03-15 22:53:12.783 [info] Getting sessions for all scopes...
2026-03-15 22:53:12.783 [info] Got 6 sessions for ...
2026-03-15 22:53:20.657 [info] Getting sessions for all scopes...
2026-03-15 22:53:20.657 [info] Got 6 sessions for ...
2026-03-15 22:53:21.451 [info] Getting sessions for all scopes...
2026-03-15 22:53:21.451 [info] Got 6 sessions for ...
2026-03-15 22:53:21.546 [info] Getting sessions for all scopes...
2026-03-15 22:53:21.546 [info] Got 6 sessions for ...
2026-03-15 22:53:21.582 [info] Getting sessions for all scopes...
2026-03-15 22:53:21.582 [info] Got 6 sessions for ...
2026-03-15 22:54:03.636 [info] Getting sessions for all scopes...
2026-03-15 22:54:03.636 [info] Got 6 sessions for ...
2026-03-15 22:54:03.682 [info] Getting sessions for all scopes...
2026-03-15 22:54:03.682 [info] Got 6 sessions for ...
2026-03-15 22:54:07.241 [info] Getting sessions for all scopes...
2026-03-15 22:54:07.241 [info] Got 6 sessions for ...
2026-03-15 22:54:07.286 [info] Getting sessions for all scopes...
2026-03-15 22:54:07.286 [info] Got 6 sessions for ...
2026-03-15 22:54:13.664 [info] Getting sessions for all scopes...
2026-03-15 22:54:13.664 [info] Got 6 sessions for ...
2026-03-15 22:54:13.707 [info] Getting sessions for all scopes...
2026-03-15 22:54:13.707 [info] Got 6 sessions for ...
2026-03-15 22:54:36.224 [info] Getting sessions for all scopes...
2026-03-15 22:54:36.224 [info] Got 6 sessions for ...
2026-03-15 22:54:36.270 [info] Getting sessions for all scopes...
2026-03-15 22:54:36.270 [info] Got 6 sessions for ...
2026-03-15 22:55:32.802 [info] Getting sessions for all scopes...
2026-03-15 22:55:32.802 [info] Got 6 sessions for ...
2026-03-15 22:55:32.843 [info] Getting sessions for all scopes...
2026-03-15 22:55:32.843 [info] Got 6 sessions for ...
2026-03-15 22:56:53.396 [info] Getting sessions for all scopes...
2026-03-15 22:56:53.396 [info] Got 6 sessions for ...
2026-03-15 22:56:53.442 [info] Getting sessions for all scopes...
2026-03-15 22:56:53.442 [info] Got 6 sessions for ...
2026-03-15 22:58:28.657 [info] Getting sessions for all scopes...
2026-03-15 22:58:28.657 [info] Got 6 sessions for ...
2026-03-15 22:58:28.701 [info] Getting sessions for all scopes...
2026-03-15 22:58:28.701 [info] Got 6 sessions for ...
2026-03-15 22:58:32.671 [info] Getting sessions for all scopes...
2026-03-15 22:58:32.671 [info] Got 6 sessions for ...
2026-03-15 22:58:32.717 [info] Getting sessions for all scopes...
2026-03-15 22:58:32.717 [info] Got 6 sessions for ...
2026-03-15 22:59:32.681 [info] Getting sessions for all scopes...
2026-03-15 22:59:32.681 [info] Got 6 sessions for ...
2026-03-15 22:59:32.763 [info] Getting sessions for all scopes...
2026-03-15 22:59:32.763 [info] Got 6 sessions for ...
2026-03-15 22:59:43.180 [info] Getting sessions for all scopes...
2026-03-15 22:59:43.180 [info] Got 6 sessions for ...
2026-03-15 22:59:43.223 [info] Getting sessions for all scopes...
2026-03-15 22:59:43.223 [info] Got 6 sessions for ...
2026-03-15 22:59:52.656 [info] Getting sessions for all scopes...
2026-03-15 22:59:52.656 [info] Got 6 sessions for ...
2026-03-15 22:59:52.701 [info] Getting sessions for all scopes...
2026-03-15 22:59:52.701 [info] Got 6 sessions for ...
2026-03-15 23:00:22.781 [info] Getting sessions for all scopes...
2026-03-15 23:00:22.781 [info] Got 6 sessions for ...
2026-03-15 23:00:22.884 [info] Getting sessions for all scopes...
2026-03-15 23:00:22.884 [info] Got 6 sessions for ...
2026-03-15 23:00:32.175 [info] Getting sessions for all scopes...
2026-03-15 23:00:32.175 [info] Got 6 sessions for ...
2026-03-15 23:00:32.221 [info] Getting sessions for all scopes...
2026-03-15 23:00:32.221 [info] Got 6 sessions for ...
2026-03-15 23:00:40.635 [info] Getting sessions for all scopes...
2026-03-15 23:00:40.635 [info] Got 6 sessions for ...
2026-03-15 23:00:40.685 [info] Getting sessions for all scopes...
2026-03-15 23:00:40.685 [info] Got 6 sessions for ...
2026-03-15 23:01:35.968 [info] Getting sessions for all scopes...
2026-03-15 23:01:35.968 [info] Got 6 sessions for ...
2026-03-15 23:01:36.015 [info] Getting sessions for all scopes...
2026-03-15 23:01:36.015 [info] Got 6 sessions for ...
2026-03-15 23:01:41.656 [info] Getting sessions for all scopes...
2026-03-15 23:01:41.656 [info] Got 6 sessions for ...
2026-03-15 23:01:41.700 [info] Getting sessions for all scopes...
2026-03-15 23:01:41.701 [info] Got 6 sessions for ...
2026-03-15 23:01:43.107 [info] Getting sessions for all scopes...
2026-03-15 23:01:43.107 [info] Got 6 sessions for ...
2026-03-15 23:01:43.146 [info] Getting sessions for all scopes...
2026-03-15 23:01:43.146 [info] Got 6 sessions for ...
2026-03-15 23:01:49.102 [info] Getting sessions for all scopes...
2026-03-15 23:01:49.102 [info] Got 6 sessions for ...
2026-03-15 23:01:49.143 [info] Getting sessions for all scopes...
2026-03-15 23:01:49.143 [info] Got 6 sessions for ...
2026-03-15 23:01:56.864 [info] Getting sessions for all scopes...
2026-03-15 23:01:56.864 [info] Got 6 sessions for ...
2026-03-15 23:01:56.901 [info] Getting sessions for all scopes...
2026-03-15 23:01:56.901 [info] Got 6 sessions for ...
2026-03-15 23:02:01.656 [info] Getting sessions for all scopes...
2026-03-15 23:02:01.656 [info] Got 6 sessions for ...
2026-03-15 23:02:01.695 [info] Getting sessions for all scopes...
2026-03-15 23:02:01.695 [info] Got 6 sessions for ...
2026-03-15 23:02:03.995 [info] Getting sessions for all scopes...
2026-03-15 23:02:03.995 [info] Got 6 sessions for ...
2026-03-15 23:02:04.048 [info] Getting sessions for all scopes...
2026-03-15 23:02:04.048 [info] Got 6 sessions for ...
2026-03-15 23:02:08.121 [info] Getting sessions for all scopes...
2026-03-15 23:02:08.121 [info] Got 6 sessions for ...
2026-03-15 23:02:08.160 [info] Getting sessions for all scopes...
2026-03-15 23:02:08.160 [info] Got 6 sessions for ...
2026-03-15 23:02:15.191 [info] Getting sessions for all scopes...
2026-03-15 23:02:15.191 [info] Got 6 sessions for ...
2026-03-15 23:02:15.273 [info] Getting sessions for all scopes...
2026-03-15 23:02:15.274 [info] Got 6 sessions for ...
2026-03-15 23:02:18.656 [info] Getting sessions for all scopes...
2026-03-15 23:02:18.656 [info] Got 6 sessions for ...
2026-03-15 23:02:18.700 [info] Getting sessions for all scopes...
2026-03-15 23:02:18.700 [info] Got 6 sessions for ...
2026-03-15 23:02:21.444 [info] Getting sessions for all scopes...
2026-03-15 23:02:21.444 [info] Got 6 sessions for ...
2026-03-15 23:02:21.490 [info] Getting sessions for all scopes...
2026-03-15 23:02:21.490 [info] Got 6 sessions for ...
2026-03-15 23:02:28.135 [info] Getting sessions for all scopes...
2026-03-15 23:02:28.135 [info] Got 6 sessions for ...
2026-03-15 23:02:28.181 [info] Getting sessions for all scopes...
2026-03-15 23:02:28.181 [info] Got 6 sessions for ...
2026-03-15 23:02:44.064 [info] Getting sessions for all scopes...
2026-03-15 23:02:44.064 [info] Got 6 sessions for ...
2026-03-15 23:02:44.127 [info] Getting sessions for all scopes...
2026-03-15 23:02:44.127 [info] Got 6 sessions for ...
2026-03-15 23:02:50.117 [info] Getting sessions for all scopes...
2026-03-15 23:02:50.117 [info] Got 6 sessions for ...
2026-03-15 23:02:50.163 [info] Getting sessions for all scopes...
2026-03-15 23:02:50.163 [info] Got 6 sessions for ...
2026-03-15 23:03:00.642 [info] Getting sessions for all scopes...
2026-03-15 23:03:00.642 [info] Got 6 sessions for ...
2026-03-15 23:03:00.683 [info] Getting sessions for all scopes...
2026-03-15 23:03:00.683 [info] Got 6 sessions for ...
2026-03-15 23:03:37.880 [info] Getting sessions for all scopes...
2026-03-15 23:03:37.880 [info] Got 6 sessions for ...
2026-03-15 23:03:37.935 [info] Getting sessions for all scopes...
2026-03-15 23:03:37.935 [info] Got 6 sessions for ...
2026-03-15 23:04:42.541 [info] Getting sessions for all scopes...
2026-03-15 23:04:42.541 [info] Got 6 sessions for ...
2026-03-15 23:04:42.623 [info] Getting sessions for all scopes...
2026-03-15 23:04:42.623 [info] Got 6 sessions for ...
2026-03-15 23:05:26.885 [info] Getting sessions for all scopes...
2026-03-15 23:05:26.885 [info] Got 6 sessions for ...
2026-03-15 23:05:26.934 [info] Getting sessions for all scopes...
2026-03-15 23:05:26.934 [info] Got 6 sessions for ...
2026-03-15 23:06:14.640 [info] Getting sessions for all scopes...
2026-03-15 23:06:14.640 [info] Got 6 sessions for ...
2026-03-15 23:06:14.681 [info] Getting sessions for all scopes...
2026-03-15 23:06:14.681 [info] Got 6 sessions for ...
2026-03-15 23:06:25.642 [info] Getting sessions for all scopes...
2026-03-15 23:06:25.642 [info] Got 6 sessions for ...
2026-03-15 23:06:25.686 [info] Getting sessions for all scopes...
2026-03-15 23:06:25.686 [info] Got 6 sessions for ...
2026-03-15 23:06:30.676 [info] Getting sessions for all scopes...
2026-03-15 23:06:30.676 [info] Got 6 sessions for ...
2026-03-15 23:06:30.721 [info] Getting sessions for all scopes...
2026-03-15 23:06:30.721 [info] Got 6 sessions for ...
2026-03-15 23:07:17.721 [info] Getting sessions for all scopes...
2026-03-15 23:07:17.721 [info] Got 6 sessions for ...
2026-03-15 23:07:17.761 [info] Getting sessions for all scopes...
2026-03-15 23:07:17.761 [info] Got 6 sessions for ...
2026-03-15 23:07:30.405 [info] Getting sessions for all scopes...
2026-03-15 23:07:30.405 [info] Got 6 sessions for ...
2026-03-15 23:07:30.445 [info] Getting sessions for all scopes...
2026-03-15 23:07:30.445 [info] Got 6 sessions for ...
2026-03-15 23:07:36.654 [info] Getting sessions for all scopes...
2026-03-15 23:07:36.654 [info] Got 6 sessions for ...
2026-03-15 23:07:36.694 [info] Getting sessions for all scopes...
2026-03-15 23:07:36.694 [info] Got 6 sessions for ...
2026-03-15 23:07:53.341 [info] Getting sessions for all scopes...
2026-03-15 23:07:53.341 [info] Got 6 sessions for ...
2026-03-15 23:07:53.376 [info] Getting sessions for all scopes...
2026-03-15 23:07:53.376 [info] Got 6 sessions for ...
2026-03-15 23:08:04.675 [info] Getting sessions for all scopes...
2026-03-15 23:08:04.675 [info] Got 6 sessions for ...
2026-03-15 23:08:04.731 [info] Getting sessions for all scopes...
2026-03-15 23:08:04.731 [info] Got 6 sessions for ...
2026-03-15 23:08:20.001 [info] Getting sessions for all scopes...
2026-03-15 23:08:20.001 [info] Got 6 sessions for ...
2026-03-15 23:08:20.054 [info] Getting sessions for all scopes...
2026-03-15 23:08:20.054 [info] Got 6 sessions for ...
2026-03-15 23:13:09.820 [info] Getting sessions for all scopes...
2026-03-15 23:13:09.820 [info] Got 6 sessions for ...
2026-03-15 23:13:09.863 [info] Getting sessions for all scopes...
2026-03-15 23:13:09.863 [info] Got 6 sessions for ...
2026-03-15 23:13:27.009 [info] Getting sessions for all scopes...
2026-03-15 23:13:27.009 [info] Got 6 sessions for ...
2026-03-15 23:13:27.054 [info] Getting sessions for all scopes...
2026-03-15 23:13:27.054 [info] Got 6 sessions for ...
2026-03-15 23:13:37.659 [info] Getting sessions for all scopes...
2026-03-15 23:13:37.659 [info] Got 6 sessions for ...
2026-03-15 23:13:37.700 [info] Getting sessions for all scopes...
2026-03-15 23:13:37.700 [info] Got 6 sessions for ...
2026-03-15 23:14:09.852 [info] Getting sessions for all scopes...
2026-03-15 23:14:09.852 [info] Got 6 sessions for ...
2026-03-15 23:14:09.903 [info] Getting sessions for all scopes...
2026-03-15 23:14:09.903 [info] Got 6 sessions for ...
2026-03-15 23:14:21.659 [info] Getting sessions for all scopes...
2026-03-15 23:14:21.659 [info] Got 6 sessions for ...
2026-03-15 23:14:21.699 [info] Getting sessions for all scopes...
2026-03-15 23:14:21.699 [info] Got 6 sessions for ...
2026-03-15 23:14:50.450 [info] Getting sessions for all scopes...
2026-03-15 23:14:50.450 [info] Got 6 sessions for ...
2026-03-15 23:14:50.618 [info] Getting sessions for all scopes...
2026-03-15 23:14:50.619 [info] Got 6 sessions for ...
2026-03-15 23:14:54.654 [info] Getting sessions for all scopes...
2026-03-15 23:14:54.654 [info] Got 6 sessions for ...
2026-03-15 23:14:54.689 [info] Getting sessions for all scopes...
2026-03-15 23:14:54.689 [info] Got 6 sessions for ...
2026-03-15 23:15:00.965 [info] Getting sessions for all scopes...
2026-03-15 23:15:00.965 [info] Got 6 sessions for ...
2026-03-15 23:15:01.039 [info] Getting sessions for all scopes...
2026-03-15 23:15:01.039 [info] Got 6 sessions for ...
2026-03-15 23:15:04.674 [info] Getting sessions for all scopes...
2026-03-15 23:15:04.674 [info] Got 6 sessions for ...
2026-03-15 23:15:04.713 [info] Getting sessions for all scopes...
2026-03-15 23:15:04.713 [info] Got 6 sessions for ...
2026-03-15 23:15:21.598 [info] Getting sessions for all scopes...
2026-03-15 23:15:21.598 [info] Got 6 sessions for ...
2026-03-15 23:15:21.640 [info] Getting sessions for all scopes...
2026-03-15 23:15:21.640 [info] Got 6 sessions for ...
2026-03-15 23:15:27.659 [info] Getting sessions for all scopes...
2026-03-15 23:15:27.659 [info] Got 6 sessions for ...
2026-03-15 23:15:27.718 [info] Getting sessions for all scopes...
2026-03-15 23:15:27.718 [info] Got 6 sessions for ...
2026-03-15 23:15:28.868 [info] Getting sessions for all scopes...
2026-03-15 23:15:28.868 [info] Got 6 sessions for ...
2026-03-15 23:15:28.940 [info] Getting sessions for all scopes...
2026-03-15 23:15:28.940 [info] Got 6 sessions for ...
2026-03-15 23:15:38.680 [info] Getting sessions for all scopes...
2026-03-15 23:15:38.680 [info] Got 6 sessions for ...
2026-03-15 23:15:38.738 [info] Getting sessions for all scopes...
2026-03-15 23:15:38.739 [info] Got 6 sessions for ...
2026-03-15 23:17:25.861 [info] Getting sessions for all scopes...
2026-03-15 23:17:25.861 [info] Got 6 sessions for ...
2026-03-15 23:17:25.918 [info] Getting sessions for all scopes...
2026-03-15 23:17:25.918 [info] Got 6 sessions for ...
2026-03-15 23:17:38.494 [info] Getting sessions for all scopes...
2026-03-15 23:17:38.494 [info] Got 6 sessions for ...
2026-03-15 23:17:38.530 [info] Getting sessions for all scopes...
2026-03-15 23:17:38.530 [info] Got 6 sessions for ...
2026-03-15 23:17:41.678 [info] Getting sessions for all scopes...
2026-03-15 23:17:41.679 [info] Got 6 sessions for ...
2026-03-15 23:17:41.718 [info] Getting sessions for all scopes...
2026-03-15 23:17:41.718 [info] Got 6 sessions for ...
2026-03-15 23:17:43.073 [info] Getting sessions for all scopes...
2026-03-15 23:17:43.073 [info] Got 6 sessions for ...
2026-03-15 23:17:43.143 [info] Getting sessions for all scopes...
2026-03-15 23:17:43.143 [info] Got 6 sessions for ...
2026-03-15 23:17:49.095 [info] Getting sessions for all scopes...
2026-03-15 23:17:49.095 [info] Got 6 sessions for ...
2026-03-15 23:17:49.145 [info] Getting sessions for all scopes...
2026-03-15 23:17:49.145 [info] Got 6 sessions for ...
2026-03-15 23:17:52.851 [info] Getting sessions for all scopes...
2026-03-15 23:17:52.851 [info] Got 6 sessions for ...
2026-03-15 23:17:52.888 [info] Getting sessions for all scopes...
2026-03-15 23:17:52.888 [info] Got 6 sessions for ...
2026-03-15 23:17:59.666 [info] Getting sessions for all scopes...
2026-03-15 23:17:59.666 [info] Got 6 sessions for ...
2026-03-15 23:17:59.704 [info] Getting sessions for all scopes...
2026-03-15 23:17:59.704 [info] Got 6 sessions for ...
2026-03-15 23:18:17.321 [info] Getting sessions for all scopes...
2026-03-15 23:18:17.321 [info] Got 6 sessions for ...
2026-03-15 23:18:17.371 [info] Getting sessions for all scopes...
2026-03-15 23:18:17.371 [info] Got 6 sessions for ...
2026-03-15 23:18:26.653 [info] Getting sessions for all scopes...
2026-03-15 23:18:26.653 [info] Got 6 sessions for ...
2026-03-15 23:18:26.688 [info] Getting sessions for all scopes...
2026-03-15 23:18:26.688 [info] Got 6 sessions for ...
2026-03-15 23:18:28.802 [info] Getting sessions for all scopes...
2026-03-15 23:18:28.802 [info] Got 6 sessions for ...
2026-03-15 23:18:28.852 [info] Getting sessions for all scopes...
2026-03-15 23:18:28.852 [info] Got 6 sessions for ...
2026-03-15 23:18:38.673 [info] Getting sessions for all scopes...
2026-03-15 23:18:38.673 [info] Got 6 sessions for ...
2026-03-15 23:18:38.708 [info] Getting sessions for all scopes...
2026-03-15 23:18:38.708 [info] Got 6 sessions for ...
2026-03-15 23:18:40.568 [info] Getting sessions for all scopes...
2026-03-15 23:18:40.568 [info] Got 6 sessions for ...
2026-03-15 23:18:40.601 [info] Getting sessions for all scopes...
2026-03-15 23:18:40.601 [info] Got 6 sessions for ...
2026-03-15 23:18:49.653 [info] Getting sessions for all scopes...
2026-03-15 23:18:49.653 [info] Got 6 sessions for ...
2026-03-15 23:18:49.698 [info] Getting sessions for all scopes...
2026-03-15 23:18:49.698 [info] Got 6 sessions for ...
2026-03-15 23:18:51.774 [info] Getting sessions for all scopes...
2026-03-15 23:18:51.775 [info] Got 6 sessions for ...
2026-03-15 23:18:51.837 [info] Getting sessions for all scopes...
2026-03-15 23:18:51.837 [info] Got 6 sessions for ...
2026-03-15 23:18:54.673 [info] Getting sessions for all scopes...
2026-03-15 23:18:54.673 [info] Got 6 sessions for ...
2026-03-15 23:18:54.718 [info] Getting sessions for all scopes...
2026-03-15 23:18:54.718 [info] Got 6 sessions for ...
2026-03-15 23:19:02.562 [info] Getting sessions for all scopes...
2026-03-15 23:19:02.562 [info] Got 6 sessions for ...
2026-03-15 23:19:02.618 [info] Getting sessions for all scopes...
2026-03-15 23:19:02.618 [info] Got 6 sessions for ...
2026-03-15 23:19:33.674 [info] Getting sessions for all scopes...
2026-03-15 23:19:33.674 [info] Got 6 sessions for ...
2026-03-15 23:19:33.725 [info] Getting sessions for all scopes...
2026-03-15 23:19:33.725 [info] Got 6 sessions for ...
2026-03-15 23:19:36.383 [info] Getting sessions for all scopes...
2026-03-15 23:19:36.383 [info] Got 6 sessions for ...
2026-03-15 23:19:36.421 [info] Getting sessions for all scopes...
2026-03-15 23:19:36.421 [info] Got 6 sessions for ...
2026-03-15 23:19:43.678 [info] Getting sessions for all scopes...
2026-03-15 23:19:43.678 [info] Got 6 sessions for ...
2026-03-15 23:19:43.719 [info] Getting sessions for all scopes...
2026-03-15 23:19:43.719 [info] Got 6 sessions for ...
2026-03-15 23:20:07.439 [info] Getting sessions for all scopes...
2026-03-15 23:20:07.439 [info] Got 6 sessions for ...
2026-03-15 23:20:07.479 [info] Getting sessions for all scopes...
2026-03-15 23:20:07.480 [info] Got 6 sessions for ...
2026-03-15 23:20:41.299 [info] Getting sessions for all scopes...
2026-03-15 23:20:41.299 [info] Got 6 sessions for ...
2026-03-15 23:20:41.338 [info] Getting sessions for all scopes...
2026-03-15 23:20:41.338 [info] Got 6 sessions for ...
2026-03-15 23:20:48.673 [info] Getting sessions for all scopes...
2026-03-15 23:20:48.673 [info] Got 6 sessions for ...
2026-03-15 23:20:48.708 [info] Getting sessions for all scopes...
2026-03-15 23:20:48.708 [info] Got 6 sessions for ...
2026-03-15 23:21:18.180 [info] Getting sessions for all scopes...
2026-03-15 23:21:18.181 [info] Got 6 sessions for ...
2026-03-15 23:21:18.220 [info] Getting sessions for all scopes...
2026-03-15 23:21:18.220 [info] Got 6 sessions for ...
2026-03-15 23:21:28.258 [info] Getting sessions for all scopes...
2026-03-15 23:21:28.258 [info] Got 6 sessions for ...
2026-03-15 23:21:28.320 [info] Getting sessions for all scopes...
2026-03-15 23:21:28.320 [info] Got 6 sessions for ...
2026-03-15 23:21:35.663 [info] Getting sessions for all scopes...
2026-03-15 23:21:35.663 [info] Got 6 sessions for ...
2026-03-15 23:21:35.698 [info] Getting sessions for all scopes...
2026-03-15 23:21:35.698 [info] Got 6 sessions for ...
2026-03-15 23:21:36.638 [info] Getting sessions for all scopes...
2026-03-15 23:21:36.638 [info] Got 6 sessions for ...
2026-03-15 23:21:36.700 [info] Getting sessions for all scopes...
2026-03-15 23:21:36.700 [info] Got 6 sessions for ...
2026-03-15 23:21:42.679 [info] Getting sessions for all scopes...
2026-03-15 23:21:42.679 [info] Got 6 sessions for ...
2026-03-15 23:21:42.761 [info] Getting sessions for all scopes...
2026-03-15 23:21:42.761 [info] Got 6 sessions for ...
2026-03-15 23:21:49.665 [info] Getting sessions for all scopes...
2026-03-15 23:21:49.665 [info] Got 6 sessions for ...
2026-03-15 23:21:49.748 [info] Getting sessions for all scopes...
2026-03-15 23:21:49.748 [info] Got 6 sessions for ...
2026-03-15 23:21:51.253 [info] Getting sessions for all scopes...
2026-03-15 23:21:51.253 [info] Got 6 sessions for ...
2026-03-15 23:21:51.303 [info] Getting sessions for all scopes...
2026-03-15 23:21:51.303 [info] Got 6 sessions for ...
2026-03-15 23:21:54.613 [info] Getting sessions for all scopes...
2026-03-15 23:21:54.613 [info] Got 6 sessions for ...
2026-03-15 23:21:54.658 [info] Getting sessions for all scopes...
2026-03-15 23:21:54.658 [info] Got 6 sessions for ...
2026-03-15 23:22:02.305 [info] Getting sessions for all scopes...
2026-03-15 23:22:02.305 [info] Got 6 sessions for ...
2026-03-15 23:22:02.355 [info] Getting sessions for all scopes...
2026-03-15 23:22:02.355 [info] Got 6 sessions for ...
2026-03-15 23:22:07.673 [info] Getting sessions for all scopes...
2026-03-15 23:22:07.673 [info] Got 6 sessions for ...
2026-03-15 23:22:07.743 [info] Getting sessions for all scopes...
2026-03-15 23:22:07.743 [info] Got 6 sessions for ...
2026-03-15 23:22:09.354 [info] Getting sessions for all scopes...
2026-03-15 23:22:09.355 [info] Got 6 sessions for ...
2026-03-15 23:22:09.424 [info] Getting sessions for all scopes...
2026-03-15 23:22:09.425 [info] Got 6 sessions for ...
2026-03-15 23:22:14.777 [info] Getting sessions for all scopes...
2026-03-15 23:22:14.777 [info] Got 6 sessions for ...
2026-03-15 23:22:14.829 [info] Getting sessions for all scopes...
2026-03-15 23:22:14.829 [info] Got 6 sessions for ...
2026-03-15 23:22:22.688 [info] Getting sessions for all scopes...
2026-03-15 23:22:22.688 [info] Got 6 sessions for ...
2026-03-15 23:22:22.739 [info] Getting sessions for all scopes...
2026-03-15 23:22:22.739 [info] Got 6 sessions for ...
2026-03-15 23:22:24.253 [info] Getting sessions for all scopes...
2026-03-15 23:22:24.253 [info] Got 6 sessions for ...
2026-03-15 23:22:24.300 [info] Getting sessions for all scopes...
2026-03-15 23:22:24.300 [info] Got 6 sessions for ...
2026-03-15 23:22:29.687 [info] Getting sessions for all scopes...
2026-03-15 23:22:29.687 [info] Got 6 sessions for ...
2026-03-15 23:22:29.738 [info] Getting sessions for all scopes...
2026-03-15 23:22:29.738 [info] Got 6 sessions for ...
2026-03-15 23:22:31.498 [info] Getting sessions for all scopes...
2026-03-15 23:22:31.498 [info] Got 6 sessions for ...
2026-03-15 23:22:31.538 [info] Getting sessions for all scopes...
2026-03-15 23:22:31.538 [info] Got 6 sessions for ...
2026-03-15 23:22:40.673 [info] Getting sessions for all scopes...
2026-03-15 23:22:40.673 [info] Got 6 sessions for ...
2026-03-15 23:22:40.723 [info] Getting sessions for all scopes...
2026-03-15 23:22:40.723 [info] Got 6 sessions for ...
2026-03-15 23:22:42.215 [info] Getting sessions for all scopes...
2026-03-15 23:22:42.215 [info] Got 6 sessions for ...
2026-03-15 23:22:42.257 [info] Getting sessions for all scopes...
2026-03-15 23:22:42.257 [info] Got 6 sessions for ...
2026-03-15 23:22:50.679 [info] Getting sessions for all scopes...
2026-03-15 23:22:50.679 [info] Got 6 sessions for ...
2026-03-15 23:22:50.719 [info] Getting sessions for all scopes...
2026-03-15 23:22:50.720 [info] Got 6 sessions for ...
2026-03-15 23:22:54.893 [info] Getting sessions for all scopes...
2026-03-15 23:22:54.893 [info] Got 6 sessions for ...
2026-03-15 23:22:54.938 [info] Getting sessions for all scopes...
2026-03-15 23:22:54.938 [info] Got 6 sessions for ...
2026-03-15 23:23:01.673 [info] Getting sessions for all scopes...
2026-03-15 23:23:01.673 [info] Got 6 sessions for ...
2026-03-15 23:23:01.737 [info] Getting sessions for all scopes...
2026-03-15 23:23:01.737 [info] Got 6 sessions for ...
2026-03-15 23:23:04.901 [info] Getting sessions for all scopes...
2026-03-15 23:23:04.901 [info] Got 6 sessions for ...
2026-03-15 23:23:04.944 [info] Getting sessions for all scopes...
2026-03-15 23:23:04.944 [info] Got 6 sessions for ...
2026-03-15 23:23:09.659 [info] Getting sessions for all scopes...
2026-03-15 23:23:09.659 [info] Got 6 sessions for ...
2026-03-15 23:23:09.700 [info] Getting sessions for all scopes...
2026-03-15 23:23:09.700 [info] Got 6 sessions for ...
2026-03-15 23:23:10.965 [info] Getting sessions for all scopes...
2026-03-15 23:23:10.965 [info] Got 6 sessions for ...
2026-03-15 23:23:11.029 [info] Getting sessions for all scopes...
2026-03-15 23:23:11.030 [info] Got 6 sessions for ...
2026-03-15 23:23:15.057 [info] Getting sessions for all scopes...
2026-03-15 23:23:15.057 [info] Got 6 sessions for ...
2026-03-15 23:23:15.098 [info] Getting sessions for all scopes...
2026-03-15 23:23:15.098 [info] Got 6 sessions for ...
2026-03-15 23:23:29.673 [info] Getting sessions for all scopes...
2026-03-15 23:23:29.673 [info] Got 6 sessions for ...
2026-03-15 23:23:29.717 [info] Getting sessions for all scopes...
2026-03-15 23:23:29.717 [info] Got 6 sessions for ...
2026-03-15 23:23:32.924 [info] Getting sessions for all scopes...
2026-03-15 23:23:32.924 [info] Got 6 sessions for ...
2026-03-15 23:23:32.973 [info] Getting sessions for all scopes...
2026-03-15 23:23:32.973 [info] Got 6 sessions for ...
2026-03-15 23:23:44.660 [info] Getting sessions for all scopes...
2026-03-15 23:23:44.660 [info] Got 6 sessions for ...
2026-03-15 23:23:44.701 [info] Getting sessions for all scopes...
2026-03-15 23:23:44.701 [info] Got 6 sessions for ...
2026-03-15 23:24:11.684 [info] Getting sessions for all scopes...
2026-03-15 23:24:11.684 [info] Got 6 sessions for ...
2026-03-15 23:24:11.743 [info] Getting sessions for all scopes...
2026-03-15 23:24:11.743 [info] Got 6 sessions for ...
2026-03-15 23:24:14.661 [info] Getting sessions for all scopes...
2026-03-15 23:24:14.661 [info] Got 6 sessions for ...
2026-03-15 23:24:14.699 [info] Getting sessions for all scopes...
2026-03-15 23:24:14.699 [info] Got 6 sessions for ...
2026-03-15 23:24:16.678 [info] Getting sessions for all scopes...
2026-03-15 23:24:16.678 [info] Got 6 sessions for ...
2026-03-15 23:24:16.718 [info] Getting sessions for all scopes...
2026-03-15 23:24:16.718 [info] Got 6 sessions for ...
2026-03-15 23:24:20.693 [info] Getting sessions for all scopes...
2026-03-15 23:24:20.693 [info] Got 6 sessions for ...
2026-03-15 23:24:21.678 [info] Getting sessions for all scopes...
2026-03-15 23:24:21.678 [info] Got 6 sessions for ...
2026-03-15 23:25:00.273 [info] Getting sessions for all scopes...
2026-03-15 23:25:00.273 [info] Got 6 sessions for ...
2026-03-15 23:25:00.333 [info] Getting sessions for all scopes...
2026-03-15 23:25:00.333 [info] Got 6 sessions for ...
2026-03-15 23:25:04.673 [info] Getting sessions for all scopes...
2026-03-15 23:25:04.673 [info] Got 6 sessions for ...
2026-03-15 23:25:04.719 [info] Getting sessions for all scopes...
2026-03-15 23:25:04.719 [info] Got 6 sessions for ...
2026-03-15 23:25:06.047 [info] Getting sessions for all scopes...
2026-03-15 23:25:06.047 [info] Got 6 sessions for ...
2026-03-15 23:25:06.088 [info] Getting sessions for all scopes...
2026-03-15 23:25:06.088 [info] Got 6 sessions for ...
2026-03-15 23:25:18.672 [info] Getting sessions for all scopes...
2026-03-15 23:25:18.672 [info] Got 6 sessions for ...
2026-03-15 23:25:18.723 [info] Getting sessions for all scopes...
2026-03-15 23:25:18.723 [info] Got 6 sessions for ...
2026-03-15 23:25:19.874 [info] Getting sessions for all scopes...
2026-03-15 23:25:19.874 [info] Got 6 sessions for ...
2026-03-15 23:25:19.923 [info] Getting sessions for all scopes...
2026-03-15 23:25:19.923 [info] Got 6 sessions for ...
2026-03-15 23:25:21.879 [info] Getting sessions for all scopes...
2026-03-15 23:25:21.879 [info] Got 6 sessions for ...
2026-03-15 23:25:21.920 [info] Getting sessions for all scopes...
2026-03-15 23:25:21.920 [info] Got 6 sessions for ...
2026-03-15 23:25:22.672 [info] Getting sessions for all scopes...
2026-03-15 23:25:22.672 [info] Got 6 sessions for ...
2026-03-15 23:25:22.709 [info] Getting sessions for all scopes...
2026-03-15 23:25:22.709 [info] Got 6 sessions for ...
2026-03-15 23:25:23.502 [info] Getting sessions for all scopes...
2026-03-15 23:25:23.502 [info] Got 6 sessions for ...
2026-03-15 23:25:23.539 [info] Getting sessions for all scopes...
2026-03-15 23:25:23.539 [info] Got 6 sessions for ...
2026-03-15 23:25:56.000 [info] Getting sessions for all scopes...
2026-03-15 23:25:56.000 [info] Got 6 sessions for ...
2026-03-15 23:25:56.059 [info] Getting sessions for all scopes...
2026-03-15 23:25:56.059 [info] Got 6 sessions for ...
2026-03-15 23:25:59.672 [info] Getting sessions for all scopes...
2026-03-15 23:25:59.672 [info] Got 6 sessions for ...
2026-03-15 23:25:59.713 [info] Getting sessions for all scopes...
2026-03-15 23:25:59.713 [info] Got 6 sessions for ...
2026-03-15 23:26:02.307 [info] Getting sessions for all scopes...
2026-03-15 23:26:02.307 [info] Got 6 sessions for ...
2026-03-15 23:26:02.362 [info] Getting sessions for all scopes...
2026-03-15 23:26:02.362 [info] Got 6 sessions for ...
2026-03-15 23:26:08.672 [info] Getting sessions for all scopes...
2026-03-15 23:26:08.672 [info] Got 6 sessions for ...
2026-03-15 23:26:08.712 [info] Getting sessions for all scopes...
2026-03-15 23:26:08.712 [info] Got 6 sessions for ...
2026-03-15 23:26:09.932 [info] Getting sessions for all scopes...
2026-03-15 23:26:09.932 [info] Got 6 sessions for ...
2026-03-15 23:26:09.972 [info] Getting sessions for all scopes...
2026-03-15 23:26:09.972 [info] Got 6 sessions for ...
2026-03-15 23:26:33.582 [info] Getting sessions for all scopes...
2026-03-15 23:26:33.582 [info] Got 6 sessions for ...
2026-03-15 23:26:33.622 [info] Getting sessions for all scopes...
2026-03-15 23:26:33.622 [info] Got 6 sessions for ...
2026-03-15 23:26:46.674 [info] Getting sessions for all scopes...
2026-03-15 23:26:46.674 [info] Got 6 sessions for ...
2026-03-15 23:26:46.717 [info] Getting sessions for all scopes...
2026-03-15 23:26:46.717 [info] Got 6 sessions for ...
2026-03-15 23:26:59.807 [info] Getting sessions for all scopes...
2026-03-15 23:26:59.807 [info] Got 6 sessions for ...
2026-03-15 23:26:59.858 [info] Getting sessions for all scopes...
2026-03-15 23:26:59.858 [info] Got 6 sessions for ...
2026-03-15 23:27:11.692 [info] Getting sessions for all scopes...
2026-03-15 23:27:11.692 [info] Got 6 sessions for ...
2026-03-15 23:27:11.737 [info] Getting sessions for all scopes...
2026-03-15 23:27:11.737 [info] Got 6 sessions for ...
2026-03-15 23:27:54.378 [info] Getting sessions for all scopes...
2026-03-15 23:27:54.378 [info] Got 6 sessions for ...
2026-03-15 23:27:54.438 [info] Getting sessions for all scopes...
2026-03-15 23:27:54.438 [info] Got 6 sessions for ...
2026-03-15 23:27:57.672 [info] Getting sessions for all scopes...
2026-03-15 23:27:57.672 [info] Got 6 sessions for ...
2026-03-15 23:27:57.713 [info] Getting sessions for all scopes...
2026-03-15 23:27:57.713 [info] Got 6 sessions for ...
2026-03-15 23:28:02.156 [info] Getting sessions for all scopes...
2026-03-15 23:28:02.156 [info] Got 6 sessions for ...
2026-03-15 23:28:02.198 [info] Getting sessions for all scopes...
2026-03-15 23:28:02.198 [info] Got 6 sessions for ...
2026-03-15 23:28:07.692 [info] Getting sessions for all scopes...
2026-03-15 23:28:07.692 [info] Got 6 sessions for ...
2026-03-15 23:28:07.738 [info] Getting sessions for all scopes...
2026-03-15 23:28:07.738 [info] Got 6 sessions for ...
2026-03-15 23:28:43.922 [info] Getting sessions for all scopes...
2026-03-15 23:28:43.922 [info] Got 6 sessions for ...
2026-03-15 23:28:43.977 [info] Getting sessions for all scopes...
2026-03-15 23:28:43.977 [info] Got 6 sessions for ...
2026-03-15 23:28:46.672 [info] Getting sessions for all scopes...
2026-03-15 23:28:46.672 [info] Got 6 sessions for ...
2026-03-15 23:28:46.712 [info] Getting sessions for all scopes...
2026-03-15 23:28:46.712 [info] Got 6 sessions for ...
2026-03-15 23:28:54.357 [info] Getting sessions for all scopes...
2026-03-15 23:28:54.357 [info] Got 6 sessions for ...
2026-03-15 23:28:54.391 [info] Getting sessions for all scopes...
2026-03-15 23:28:54.391 [info] Got 6 sessions for ...
2026-03-15 23:29:00.697 [info] Getting sessions for all scopes...
2026-03-15 23:29:00.697 [info] Got 6 sessions for ...
2026-03-15 23:29:00.737 [info] Getting sessions for all scopes...
2026-03-15 23:29:00.737 [info] Got 6 sessions for ...
2026-03-15 23:29:01.458 [info] Getting sessions for all scopes...
2026-03-15 23:29:01.458 [info] Got 6 sessions for ...
2026-03-15 23:29:01.533 [info] Getting sessions for all scopes...
2026-03-15 23:29:01.533 [info] Got 6 sessions for ...
2026-03-15 23:29:06.998 [info] Getting sessions for all scopes...
2026-03-15 23:29:06.998 [info] Got 6 sessions for ...
2026-03-15 23:29:07.037 [info] Getting sessions for all scopes...
2026-03-15 23:29:07.037 [info] Got 6 sessions for ...
2026-03-15 23:29:08.683 [info] Getting sessions for all scopes...
2026-03-15 23:29:08.683 [info] Got 6 sessions for ...
2026-03-15 23:29:08.727 [info] Getting sessions for all scopes...
2026-03-15 23:29:08.727 [info] Got 6 sessions for ...
2026-03-15 23:29:10.267 [info] Getting sessions for all scopes...
2026-03-15 23:29:10.267 [info] Got 6 sessions for ...
2026-03-15 23:29:10.317 [info] Getting sessions for all scopes...
2026-03-15 23:29:10.317 [info] Got 6 sessions for ...
2026-03-15 23:29:23.339 [info] Getting sessions for all scopes...
2026-03-15 23:29:23.339 [info] Got 6 sessions for ...
2026-03-15 23:29:23.383 [info] Getting sessions for all scopes...
2026-03-15 23:29:23.383 [info] Got 6 sessions for ...
2026-03-15 23:29:48.792 [info] Getting sessions for all scopes...
2026-03-15 23:29:48.792 [info] Got 6 sessions for ...
2026-03-15 23:29:48.826 [info] Getting sessions for all scopes...
2026-03-15 23:29:48.826 [info] Got 6 sessions for ...
2026-03-15 23:29:50.672 [info] Getting sessions for all scopes...
2026-03-15 23:29:50.672 [info] Got 6 sessions for ...
2026-03-15 23:29:51.682 [info] Getting sessions for all scopes...
2026-03-15 23:29:51.682 [info] Got 6 sessions for ...
2026-03-15 23:30:13.239 [info] Getting sessions for all scopes...
2026-03-15 23:30:13.239 [info] Got 6 sessions for ...
2026-03-15 23:30:13.283 [info] Getting sessions for all scopes...
2026-03-15 23:30:13.283 [info] Got 6 sessions for ...
2026-03-15 23:30:22.711 [info] Getting sessions for all scopes...
2026-03-15 23:30:22.711 [info] Got 6 sessions for ...
2026-03-15 23:30:22.762 [info] Getting sessions for all scopes...
2026-03-15 23:30:22.762 [info] Got 6 sessions for ...
2026-03-15 23:30:36.571 [info] Getting sessions for all scopes...
2026-03-15 23:30:36.571 [info] Got 6 sessions for ...
2026-03-15 23:30:36.607 [info] Getting sessions for all scopes...
2026-03-15 23:30:36.607 [info] Got 6 sessions for ...
2026-03-15 23:31:56.502 [info] Getting sessions for all scopes...
2026-03-15 23:31:56.502 [info] Got 6 sessions for ...
2026-03-15 23:31:56.559 [info] Getting sessions for all scopes...
2026-03-15 23:31:56.559 [info] Got 6 sessions for ...
2026-03-15 23:32:06.693 [info] Getting sessions for all scopes...
2026-03-15 23:32:06.693 [info] Got 6 sessions for ...
2026-03-15 23:32:06.739 [info] Getting sessions for all scopes...
2026-03-15 23:32:06.739 [info] Got 6 sessions for ...
2026-03-15 23:32:10.532 [info] Getting sessions for all scopes...
2026-03-15 23:32:10.532 [info] Got 6 sessions for ...
2026-03-15 23:32:10.577 [info] Getting sessions for all scopes...
2026-03-15 23:32:10.577 [info] Got 6 sessions for ...
2026-03-15 23:32:27.682 [info] Getting sessions for all scopes...
2026-03-15 23:32:27.682 [info] Got 6 sessions for ...
2026-03-15 23:32:27.716 [info] Getting sessions for all scopes...
2026-03-15 23:32:27.716 [info] Got 6 sessions for ...
2026-03-15 23:32:41.542 [info] Getting sessions for all scopes...
2026-03-15 23:32:41.542 [info] Got 6 sessions for ...
2026-03-15 23:32:41.599 [info] Getting sessions for all scopes...
2026-03-15 23:32:41.599 [info] Got 6 sessions for ...
2026-03-15 23:33:54.017 [info] Getting sessions for all scopes...
2026-03-15 23:33:54.017 [info] Got 6 sessions for ...
2026-03-15 23:33:54.070 [info] Getting sessions for all scopes...
2026-03-15 23:33:54.070 [info] Got 6 sessions for ...
2026-03-15 23:34:02.692 [info] Getting sessions for all scopes...
2026-03-15 23:34:02.692 [info] Got 6 sessions for ...
2026-03-15 23:34:02.737 [info] Getting sessions for all scopes...
2026-03-15 23:34:02.737 [info] Got 6 sessions for ...
2026-03-15 23:34:13.357 [info] Getting sessions for all scopes...
2026-03-15 23:34:13.357 [info] Got 6 sessions for ...
2026-03-15 23:34:13.419 [info] Getting sessions for all scopes...
2026-03-15 23:34:13.419 [info] Got 6 sessions for ...
2026-03-15 23:36:07.497 [info] Getting sessions for all scopes...
2026-03-15 23:36:07.497 [info] Got 6 sessions for ...
2026-03-15 23:36:07.537 [info] Getting sessions for all scopes...
2026-03-15 23:36:07.537 [info] Got 6 sessions for ...
2026-03-15 23:36:22.576 [info] Getting sessions for all scopes...
2026-03-15 23:36:22.576 [info] Got 6 sessions for ...
2026-03-15 23:36:22.636 [info] Getting sessions for all scopes...
2026-03-15 23:36:22.636 [info] Got 6 sessions for ...
2026-03-15 23:36:33.685 [info] Getting sessions for all scopes...
2026-03-15 23:36:33.685 [info] Got 6 sessions for ...
2026-03-15 23:36:33.731 [info] Getting sessions for all scopes...
2026-03-15 23:36:33.731 [info] Got 6 sessions for ...
2026-03-15 23:36:34.998 [info] Getting sessions for all scopes...
2026-03-15 23:36:34.998 [info] Got 6 sessions for ...
2026-03-15 23:36:35.058 [info] Getting sessions for all scopes...
2026-03-15 23:36:35.058 [info] Got 6 sessions for ...
2026-03-15 23:36:52.696 [info] Getting sessions for all scopes...
2026-03-15 23:36:52.696 [info] Got 6 sessions for ...
2026-03-15 23:36:52.741 [info] Getting sessions for all scopes...
2026-03-15 23:36:52.741 [info] Got 6 sessions for ...
2026-03-15 23:37:31.230 [info] Getting sessions for all scopes...
2026-03-15 23:37:31.230 [info] Got 6 sessions for ...
2026-03-15 23:37:31.279 [info] Getting sessions for all scopes...
2026-03-15 23:37:31.279 [info] Got 6 sessions for ...
2026-03-15 23:37:52.696 [info] Getting sessions for all scopes...
2026-03-15 23:37:52.696 [info] Got 6 sessions for ...
2026-03-15 23:37:52.736 [info] Getting sessions for all scopes...
2026-03-15 23:37:52.736 [info] Got 6 sessions for ...
2026-03-15 23:37:54.691 [info] Getting sessions for all scopes...
2026-03-15 23:37:54.691 [info] Got 6 sessions for ...
2026-03-15 23:37:54.745 [info] Getting sessions for all scopes...
2026-03-15 23:37:54.746 [info] Got 6 sessions for ...
2026-03-15 23:37:58.579 [info] Getting sessions for all scopes...
2026-03-15 23:37:58.579 [info] Got 6 sessions for ...
2026-03-15 23:37:58.620 [info] Getting sessions for all scopes...
2026-03-15 23:37:58.620 [info] Got 6 sessions for ...
2026-03-15 23:38:02.697 [info] Getting sessions for all scopes...
2026-03-15 23:38:02.697 [info] Got 6 sessions for ...
2026-03-15 23:38:02.757 [info] Getting sessions for all scopes...
2026-03-15 23:38:02.757 [info] Got 6 sessions for ...
2026-03-15 23:38:03.731 [info] Getting sessions for all scopes...
2026-03-15 23:38:03.731 [info] Got 6 sessions for ...
2026-03-15 23:38:03.781 [info] Getting sessions for all scopes...
2026-03-15 23:38:03.781 [info] Got 6 sessions for ...
2026-03-15 23:38:15.299 [info] Getting sessions for all scopes...
2026-03-15 23:38:15.299 [info] Got 6 sessions for ...
2026-03-15 23:38:15.371 [info] Getting sessions for all scopes...
2026-03-15 23:38:15.371 [info] Got 6 sessions for ...
2026-03-15 23:38:19.693 [info] Getting sessions for all scopes...
2026-03-15 23:38:19.693 [info] Got 6 sessions for ...
2026-03-15 23:38:19.738 [info] Getting sessions for all scopes...
2026-03-15 23:38:19.738 [info] Got 6 sessions for ...
2026-03-15 23:38:33.276 [info] Getting sessions for all scopes...
2026-03-15 23:38:33.277 [info] Got 6 sessions for ...
2026-03-15 23:38:33.347 [info] Getting sessions for all scopes...
2026-03-15 23:38:33.347 [info] Got 6 sessions for ...
2026-03-15 23:39:17.708 [info] Getting sessions for all scopes...
2026-03-15 23:39:17.708 [info] Got 6 sessions for ...
2026-03-15 23:39:17.762 [info] Getting sessions for all scopes...
2026-03-15 23:39:17.762 [info] Got 6 sessions for ...
2026-03-15 23:39:20.598 [info] Getting sessions for all scopes...
2026-03-15 23:39:20.598 [info] Got 6 sessions for ...
2026-03-15 23:39:20.662 [info] Getting sessions for all scopes...
2026-03-15 23:39:20.662 [info] Got 6 sessions for ...
2026-03-15 23:39:28.697 [info] Getting sessions for all scopes...
2026-03-15 23:39:28.697 [info] Got 6 sessions for ...
2026-03-15 23:39:28.752 [info] Getting sessions for all scopes...
2026-03-15 23:39:28.753 [info] Got 6 sessions for ...
2026-03-15 23:39:41.754 [info] Getting sessions for all scopes...
2026-03-15 23:39:41.754 [info] Got 6 sessions for ...
2026-03-15 23:39:41.796 [info] Getting sessions for all scopes...
2026-03-15 23:39:41.796 [info] Got 6 sessions for ...
2026-03-15 23:39:50.696 [info] Getting sessions for all scopes...
2026-03-15 23:39:50.696 [info] Got 6 sessions for ...
2026-03-15 23:39:50.742 [info] Getting sessions for all scopes...
2026-03-15 23:39:50.742 [info] Got 6 sessions for ...
2026-03-15 23:39:54.020 [info] Getting sessions for all scopes...
2026-03-15 23:39:54.020 [info] Got 6 sessions for ...
2026-03-15 23:39:54.067 [info] Getting sessions for all scopes...
2026-03-15 23:39:54.067 [info] Got 6 sessions for ...
2026-03-15 23:40:24.691 [info] Getting sessions for all scopes...
2026-03-15 23:40:24.691 [info] Got 6 sessions for ...
2026-03-15 23:40:24.727 [info] Getting sessions for all scopes...
2026-03-15 23:40:24.727 [info] Got 6 sessions for ...
2026-03-15 23:40:29.676 [info] Getting sessions for all scopes...
2026-03-15 23:40:29.676 [info] Got 6 sessions for ...
2026-03-15 23:40:29.719 [info] Getting sessions for all scopes...
2026-03-15 23:40:29.719 [info] Got 6 sessions for ...
2026-03-15 23:40:32.913 [info] Getting sessions for all scopes...
2026-03-15 23:40:32.913 [info] Got 6 sessions for ...
2026-03-15 23:40:32.950 [info] Getting sessions for all scopes...
2026-03-15 23:40:32.950 [info] Got 6 sessions for ...
2026-03-15 23:41:07.691 [info] Getting sessions for all scopes...
2026-03-15 23:41:07.691 [info] Got 6 sessions for ...
2026-03-15 23:41:07.737 [info] Getting sessions for all scopes...
2026-03-15 23:41:07.737 [info] Got 6 sessions for ...
2026-03-15 23:41:10.971 [info] Getting sessions for all scopes...
2026-03-15 23:41:10.971 [info] Got 6 sessions for ...
2026-03-15 23:41:11.016 [info] Getting sessions for all scopes...
2026-03-15 23:41:11.016 [info] Got 6 sessions for ...
2026-03-15 23:41:13.071 [info] Getting sessions for all scopes...
2026-03-15 23:41:13.071 [info] Got 6 sessions for ...
2026-03-15 23:41:13.121 [info] Getting sessions for all scopes...
2026-03-15 23:41:13.121 [info] Got 6 sessions for ...
2026-03-15 23:41:19.691 [info] Getting sessions for all scopes...
2026-03-15 23:41:19.691 [info] Got 6 sessions for ...
2026-03-15 23:41:19.736 [info] Getting sessions for all scopes...
2026-03-15 23:41:19.736 [info] Got 6 sessions for ...
2026-03-15 23:41:20.531 [info] Getting sessions for all scopes...
2026-03-15 23:41:20.531 [info] Got 6 sessions for ...
2026-03-15 23:41:20.578 [info] Getting sessions for all scopes...
2026-03-15 23:41:20.579 [info] Got 6 sessions for ...
2026-03-15 23:42:05.216 [info] Getting sessions for all scopes...
2026-03-15 23:42:05.216 [info] Got 6 sessions for ...
2026-03-15 23:42:05.257 [info] Getting sessions for all scopes...
2026-03-15 23:42:05.257 [info] Got 6 sessions for ...
2026-03-15 23:42:24.690 [info] Getting sessions for all scopes...
2026-03-15 23:42:24.690 [info] Got 6 sessions for ...
2026-03-15 23:42:24.729 [info] Getting sessions for all scopes...
2026-03-15 23:42:24.729 [info] Got 6 sessions for ...
2026-03-15 23:42:43.519 [info] Getting sessions for all scopes...
2026-03-15 23:42:43.519 [info] Got 6 sessions for ...
2026-03-15 23:42:43.578 [info] Getting sessions for all scopes...
2026-03-15 23:42:43.578 [info] Got 6 sessions for ...
2026-03-15 23:43:16.690 [info] Getting sessions for all scopes...
2026-03-15 23:43:16.690 [info] Got 6 sessions for ...
2026-03-15 23:43:16.737 [info] Getting sessions for all scopes...
2026-03-15 23:43:16.737 [info] Got 6 sessions for ...
2026-03-15 23:43:18.296 [info] Getting sessions for all scopes...
2026-03-15 23:43:18.296 [info] Got 6 sessions for ...
2026-03-15 23:43:18.343 [info] Getting sessions for all scopes...
2026-03-15 23:43:18.343 [info] Got 6 sessions for ...
2026-03-15 23:44:33.598 [info] Getting sessions for all scopes...
2026-03-15 23:44:33.598 [info] Got 6 sessions for ...
2026-03-15 23:44:33.663 [info] Getting sessions for all scopes...
2026-03-15 23:44:33.664 [info] Got 6 sessions for ...
2026-03-15 23:44:39.691 [info] Getting sessions for all scopes...
2026-03-15 23:44:39.691 [info] Got 6 sessions for ...
2026-03-15 23:44:39.736 [info] Getting sessions for all scopes...
2026-03-15 23:44:39.736 [info] Got 6 sessions for ...
2026-03-15 23:45:09.196 [info] Getting sessions for all scopes...
2026-03-15 23:45:09.196 [info] Got 6 sessions for ...
2026-03-15 23:45:09.238 [info] Getting sessions for all scopes...
2026-03-15 23:45:09.238 [info] Got 6 sessions for ...
2026-03-15 23:45:21.691 [info] Getting sessions for all scopes...
2026-03-15 23:45:21.691 [info] Got 6 sessions for ...
2026-03-15 23:45:21.738 [info] Getting sessions for all scopes...
2026-03-15 23:45:21.738 [info] Got 6 sessions for ...
2026-03-15 23:47:44.402 [info] Getting sessions for all scopes...
2026-03-15 23:47:44.402 [info] Got 6 sessions for ...
2026-03-15 23:47:44.448 [info] Getting sessions for all scopes...
2026-03-15 23:47:44.449 [info] Got 6 sessions for ...
2026-03-15 23:48:02.650 [info] Getting sessions for all scopes...
2026-03-15 23:48:02.650 [info] Got 6 sessions for ...
2026-03-15 23:48:02.736 [info] Getting sessions for all scopes...
2026-03-15 23:48:02.736 [info] Got 6 sessions for ...
2026-03-15 23:48:12.705 [info] Getting sessions for all scopes...
2026-03-15 23:48:12.705 [info] Got 6 sessions for ...
2026-03-15 23:48:12.756 [info] Getting sessions for all scopes...
2026-03-15 23:48:12.756 [info] Got 6 sessions for ...
2026-03-15 23:48:15.324 [info] Getting sessions for all scopes...
2026-03-15 23:48:15.324 [info] Got 6 sessions for ...
2026-03-15 23:48:15.381 [info] Getting sessions for all scopes...
2026-03-15 23:48:15.381 [info] Got 6 sessions for ...
2026-03-15 23:48:20.343 [info] Getting sessions for all scopes...
2026-03-15 23:48:20.343 [info] Got 6 sessions for ...
2026-03-15 23:48:20.419 [info] Getting sessions for all scopes...
2026-03-15 23:48:20.419 [info] Got 6 sessions for ...
2026-03-15 23:48:34.695 [info] Getting sessions for all scopes...
2026-03-15 23:48:34.695 [info] Got 6 sessions for ...
2026-03-15 23:48:34.735 [info] Getting sessions for all scopes...
2026-03-15 23:48:34.735 [info] Got 6 sessions for ...
2026-03-15 23:48:47.375 [info] Getting sessions for all scopes...
2026-03-15 23:48:47.376 [info] Got 6 sessions for ...
2026-03-15 23:48:47.415 [info] Getting sessions for all scopes...
2026-03-15 23:48:47.415 [info] Got 6 sessions for ...
2026-03-15 23:48:52.294 [info] Getting sessions for all scopes...
2026-03-15 23:48:52.294 [info] Got 6 sessions for ...
2026-03-15 23:48:52.335 [info] Getting sessions for all scopes...
2026-03-15 23:48:52.335 [info] Got 6 sessions for ...
2026-03-15 23:49:01.699 [info] Getting sessions for all scopes...
2026-03-15 23:49:01.699 [info] Got 6 sessions for ...
2026-03-15 23:49:01.735 [info] Getting sessions for all scopes...
2026-03-15 23:49:01.735 [info] Got 6 sessions for ...
2026-03-15 23:49:03.407 [info] Getting sessions for all scopes...
2026-03-15 23:49:03.407 [info] Got 6 sessions for ...
2026-03-15 23:49:03.459 [info] Getting sessions for all scopes...
2026-03-15 23:49:03.459 [info] Got 6 sessions for ...
2026-03-15 23:49:10.090 [info] Getting sessions for all scopes...
2026-03-15 23:49:10.090 [info] Got 6 sessions for ...
2026-03-15 23:49:10.136 [info] Getting sessions for all scopes...
2026-03-15 23:49:10.136 [info] Got 6 sessions for ...
2026-03-15 23:49:13.715 [info] Getting sessions for all scopes...
2026-03-15 23:49:13.715 [info] Got 6 sessions for ...
2026-03-15 23:49:13.774 [info] Getting sessions for all scopes...
2026-03-15 23:49:13.775 [info] Got 6 sessions for ...
2026-03-15 23:49:14.279 [info] Getting sessions for all scopes...
2026-03-15 23:49:14.279 [info] Got 6 sessions for ...
2026-03-15 23:49:14.342 [info] Getting sessions for all scopes...
2026-03-15 23:49:14.342 [info] Got 6 sessions for ...
2026-03-15 23:49:20.536 [info] Getting sessions for all scopes...
2026-03-15 23:49:20.536 [info] Got 6 sessions for ...
2026-03-15 23:49:20.600 [info] Getting sessions for all scopes...
2026-03-15 23:49:20.600 [info] Got 6 sessions for ...
2026-03-15 23:49:26.036 [info] Getting sessions for all scopes...
2026-03-15 23:49:26.036 [info] Got 6 sessions for ...
2026-03-15 23:49:26.113 [info] Getting sessions for all scopes...
2026-03-15 23:49:26.113 [info] Got 6 sessions for ...
2026-03-15 23:49:32.855 [info] Getting sessions for all scopes...
2026-03-15 23:49:32.855 [info] Got 6 sessions for ...
2026-03-15 23:49:32.900 [info] Getting sessions for all scopes...
2026-03-15 23:49:32.900 [info] Got 6 sessions for ...
2026-03-15 23:49:36.934 [info] Getting sessions for all scopes...
2026-03-15 23:49:36.934 [info] Got 6 sessions for ...
2026-03-15 23:49:36.977 [info] Getting sessions for all scopes...
2026-03-15 23:49:36.977 [info] Got 6 sessions for ...
2026-03-15 23:50:07.719 [info] Getting sessions for all scopes...
2026-03-15 23:50:07.719 [info] Got 6 sessions for ...
2026-03-15 23:50:07.774 [info] Getting sessions for all scopes...
2026-03-15 23:50:07.774 [info] Got 6 sessions for ...
2026-03-15 23:50:10.629 [info] Getting sessions for all scopes...
2026-03-15 23:50:10.629 [info] Got 6 sessions for ...
2026-03-15 23:50:10.698 [info] Getting sessions for all scopes...
2026-03-15 23:50:10.698 [info] Got 6 sessions for ...
2026-03-15 23:50:26.141 [info] Getting sessions for all scopes...
2026-03-15 23:50:26.141 [info] Got 6 sessions for ...
2026-03-15 23:50:26.199 [info] Getting sessions for all scopes...
2026-03-15 23:50:26.199 [info] Got 6 sessions for ...
2026-03-15 23:50:30.710 [info] Getting sessions for all scopes...
2026-03-15 23:50:30.710 [info] Got 6 sessions for ...
2026-03-15 23:50:31.717 [info] Getting sessions for all scopes...
2026-03-15 23:50:31.717 [info] Got 6 sessions for ...
2026-03-15 23:50:32.411 [info] Getting sessions for all scopes...
2026-03-15 23:50:32.411 [info] Got 6 sessions for ...
2026-03-15 23:50:32.509 [info] Getting sessions for all scopes...
2026-03-15 23:50:32.509 [info] Got 6 sessions for ...
2026-03-15 23:50:40.710 [info] Getting sessions for all scopes...
2026-03-15 23:50:40.710 [info] Got 6 sessions for ...
2026-03-15 23:50:41.575 [info] Getting sessions for all scopes...
2026-03-15 23:50:41.575 [info] Got 6 sessions for ...
2026-03-15 23:50:41.669 [info] Getting sessions for all scopes...
2026-03-15 23:50:41.669 [info] Got 6 sessions for ...
2026-03-15 23:50:41.714 [info] Getting sessions for all scopes...
2026-03-15 23:50:41.714 [info] Got 6 sessions for ...
2026-03-15 23:50:56.270 [info] Getting sessions for all scopes...
2026-03-15 23:50:56.270 [info] Got 6 sessions for ...
2026-03-15 23:50:56.323 [info] Getting sessions for all scopes...
2026-03-15 23:50:56.323 [info] Got 6 sessions for ...
2026-03-15 23:51:31.316 [info] Getting sessions for all scopes...
2026-03-15 23:51:31.316 [info] Got 6 sessions for ...
2026-03-15 23:51:31.361 [info] Getting sessions for all scopes...
2026-03-15 23:51:31.361 [info] Got 6 sessions for ...
2026-03-15 23:51:43.734 [info] Getting sessions for all scopes...
2026-03-15 23:51:43.734 [info] Got 6 sessions for ...
2026-03-15 23:51:43.774 [info] Getting sessions for all scopes...
2026-03-15 23:51:43.774 [info] Got 6 sessions for ...
2026-03-15 23:52:02.535 [info] Getting sessions for all scopes...
2026-03-15 23:52:02.535 [info] Got 6 sessions for ...
2026-03-15 23:52:02.582 [info] Getting sessions for all scopes...
2026-03-15 23:52:02.582 [info] Got 6 sessions for ...
2026-03-15 23:52:42.715 [info] Getting sessions for all scopes...
2026-03-15 23:52:42.715 [info] Got 6 sessions for ...
2026-03-15 23:52:42.774 [info] Getting sessions for all scopes...
2026-03-15 23:52:42.775 [info] Got 6 sessions for ...
2026-03-15 23:52:44.432 [info] Getting sessions for all scopes...
2026-03-15 23:52:44.432 [info] Got 6 sessions for ...
2026-03-15 23:52:44.477 [info] Getting sessions for all scopes...
2026-03-15 23:52:44.477 [info] Got 6 sessions for ...
2026-03-15 23:52:46.695 [info] Getting sessions for all scopes...
2026-03-15 23:52:46.695 [info] Got 6 sessions for ...
2026-03-15 23:52:46.736 [info] Getting sessions for all scopes...
2026-03-15 23:52:46.736 [info] Got 6 sessions for ...
2026-03-15 23:52:50.095 [info] Getting sessions for all scopes...
2026-03-15 23:52:50.095 [info] Got 6 sessions for ...
2026-03-15 23:52:50.135 [info] Getting sessions for all scopes...
2026-03-15 23:52:50.135 [info] Got 6 sessions for ...
2026-03-15 23:53:19.969 [info] Getting sessions for all scopes...
2026-03-15 23:53:19.969 [info] Got 6 sessions for ...
2026-03-15 23:53:20.009 [info] Getting sessions for all scopes...
2026-03-15 23:53:20.009 [info] Got 6 sessions for ...
2026-03-15 23:54:46.651 [info] Getting sessions for all scopes...
2026-03-15 23:54:46.651 [info] Got 6 sessions for ...
2026-03-15 23:54:46.697 [info] Getting sessions for all scopes...
2026-03-15 23:54:46.697 [info] Got 6 sessions for ...
2026-03-15 23:54:56.716 [info] Getting sessions for all scopes...
2026-03-15 23:54:56.716 [info] Got 6 sessions for ...
2026-03-15 23:54:56.761 [info] Getting sessions for all scopes...
2026-03-15 23:54:56.761 [info] Got 6 sessions for ...
2026-03-15 23:55:24.496 [info] Getting sessions for all scopes...
2026-03-15 23:55:24.496 [info] Got 6 sessions for ...
2026-03-15 23:55:24.557 [info] Getting sessions for all scopes...
2026-03-15 23:55:24.557 [info] Got 6 sessions for ...
2026-03-15 23:55:34.714 [info] Getting sessions for all scopes...
2026-03-15 23:55:34.714 [info] Got 6 sessions for ...
2026-03-15 23:55:34.754 [info] Getting sessions for all scopes...
2026-03-15 23:55:34.754 [info] Got 6 sessions for ...
2026-03-15 23:56:20.333 [info] Getting sessions for all scopes...
2026-03-15 23:56:20.333 [info] Got 6 sessions for ...
2026-03-15 23:56:20.373 [info] Getting sessions for all scopes...
2026-03-15 23:56:20.373 [info] Got 6 sessions for ...
2026-03-15 23:56:54.715 [info] Getting sessions for all scopes...
2026-03-15 23:56:54.715 [info] Got 6 sessions for ...
2026-03-15 23:56:54.765 [info] Getting sessions for all scopes...
2026-03-15 23:56:54.765 [info] Got 6 sessions for ...
2026-03-15 23:59:01.619 [info] Getting sessions for all scopes...
2026-03-15 23:59:01.619 [info] Got 6 sessions for ...
2026-03-15 23:59:01.668 [info] Getting sessions for all scopes...
2026-03-15 23:59:01.668 [info] Got 6 sessions for ...
2026-03-15 23:59:16.714 [info] Getting sessions for all scopes...
2026-03-15 23:59:16.714 [info] Got 6 sessions for ...
2026-03-15 23:59:16.773 [info] Getting sessions for all scopes...
2026-03-15 23:59:16.773 [info] Got 6 sessions for ...
2026-03-15 23:59:22.135 [info] Getting sessions for all scopes...
2026-03-15 23:59:22.135 [info] Got 6 sessions for ...
2026-03-15 23:59:22.197 [info] Getting sessions for all scopes...
2026-03-15 23:59:22.197 [info] Got 6 sessions for ...
2026-03-15 23:59:25.699 [info] Getting sessions for all scopes...
2026-03-15 23:59:25.699 [info] Got 6 sessions for ...
2026-03-15 23:59:25.755 [info] Getting sessions for all scopes...
2026-03-15 23:59:25.755 [info] Got 6 sessions for ...
2026-03-15 23:59:30.454 [info] Getting sessions for all scopes...
2026-03-15 23:59:30.454 [info] Got 6 sessions for ...
2026-03-15 23:59:30.494 [info] Getting sessions for all scopes...
2026-03-15 23:59:30.494 [info] Got 6 sessions for ...
2026-03-16 00:00:00.242 [info] Getting sessions for all scopes...
2026-03-16 00:00:00.242 [info] Got 6 sessions for ...
2026-03-16 00:00:00.336 [info] Getting sessions for all scopes...
2026-03-16 00:00:00.337 [info] Got 6 sessions for ...
2026-03-16 00:00:09.699 [info] Getting sessions for all scopes...
2026-03-16 00:00:09.699 [info] Got 6 sessions for ...
2026-03-16 00:00:09.744 [info] Getting sessions for all scopes...
2026-03-16 00:00:09.744 [info] Got 6 sessions for ...
2026-03-16 00:00:11.962 [info] Getting sessions for all scopes...
2026-03-16 00:00:11.962 [info] Got 6 sessions for ...
2026-03-16 00:00:12.038 [info] Getting sessions for all scopes...
2026-03-16 00:00:12.038 [info] Got 6 sessions for ...
2026-03-16 00:00:21.709 [info] Getting sessions for all scopes...
2026-03-16 00:00:21.710 [info] Got 6 sessions for ...
2026-03-16 00:00:21.756 [info] Getting sessions for all scopes...
2026-03-16 00:00:21.756 [info] Got 6 sessions for ...
2026-03-16 00:00:24.780 [info] Getting sessions for all scopes...
2026-03-16 00:00:24.780 [info] Got 6 sessions for ...
2026-03-16 00:00:24.833 [info] Getting sessions for all scopes...
2026-03-16 00:00:24.833 [info] Got 6 sessions for ...
2026-03-16 00:00:48.634 [info] Getting sessions for all scopes...
2026-03-16 00:00:48.634 [info] Got 6 sessions for ...
2026-03-16 00:00:48.675 [info] Getting sessions for all scopes...
2026-03-16 00:00:48.675 [info] Got 6 sessions for ...
2026-03-16 00:00:54.713 [info] Getting sessions for all scopes...
2026-03-16 00:00:54.713 [info] Got 6 sessions for ...
2026-03-16 00:00:54.753 [info] Getting sessions for all scopes...
2026-03-16 00:00:54.753 [info] Got 6 sessions for ...
2026-03-16 00:00:56.335 [info] Getting sessions for all scopes...
2026-03-16 00:00:56.335 [info] Got 6 sessions for ...
2026-03-16 00:00:56.383 [info] Getting sessions for all scopes...
2026-03-16 00:00:56.383 [info] Got 6 sessions for ...
2026-03-16 00:01:05.631 [info] Getting sessions for all scopes...
2026-03-16 00:01:05.631 [info] Got 6 sessions for ...
2026-03-16 00:01:05.707 [info] Getting sessions for all scopes...
2026-03-16 00:01:05.707 [info] Got 6 sessions for ...
2026-03-16 00:01:15.348 [info] Getting sessions for all scopes...
2026-03-16 00:01:15.348 [info] Got 6 sessions for ...
2026-03-16 00:01:15.384 [info] Getting sessions for all scopes...
2026-03-16 00:01:15.384 [info] Got 6 sessions for ...
2026-03-16 00:01:22.495 [info] Getting sessions for all scopes...
2026-03-16 00:01:22.495 [info] Got 6 sessions for ...
2026-03-16 00:01:22.562 [info] Getting sessions for all scopes...
2026-03-16 00:01:22.562 [info] Got 6 sessions for ...
2026-03-16 00:01:30.710 [info] Getting sessions for all scopes...
2026-03-16 00:01:30.710 [info] Got 6 sessions for ...
2026-03-16 00:01:30.778 [info] Getting sessions for all scopes...
2026-03-16 00:01:30.779 [info] Got 6 sessions for ...
2026-03-16 00:01:35.905 [info] Getting sessions for all scopes...
2026-03-16 00:01:35.905 [info] Got 6 sessions for ...
2026-03-16 00:01:36.006 [info] Getting sessions for all scopes...
2026-03-16 00:01:36.006 [info] Got 6 sessions for ...
2026-03-16 00:01:42.714 [info] Getting sessions for all scopes...
2026-03-16 00:01:42.714 [info] Got 6 sessions for ...
2026-03-16 00:01:42.761 [info] Getting sessions for all scopes...
2026-03-16 00:01:42.761 [info] Got 6 sessions for ...
2026-03-16 00:01:47.355 [info] Getting sessions for all scopes...
2026-03-16 00:01:47.355 [info] Got 6 sessions for ...
2026-03-16 00:01:47.401 [info] Getting sessions for all scopes...
2026-03-16 00:01:47.401 [info] Got 6 sessions for ...
2026-03-16 00:02:06.713 [info] Getting sessions for all scopes...
2026-03-16 00:02:06.713 [info] Got 6 sessions for ...
2026-03-16 00:02:06.753 [info] Getting sessions for all scopes...
2026-03-16 00:02:06.753 [info] Got 6 sessions for ...
2026-03-16 00:02:18.364 [info] Getting sessions for all scopes...
2026-03-16 00:02:18.364 [info] Got 6 sessions for ...
2026-03-16 00:02:18.415 [info] Getting sessions for all scopes...
2026-03-16 00:02:18.415 [info] Got 6 sessions for ...
2026-03-16 00:02:44.860 [info] Getting sessions for all scopes...
2026-03-16 00:02:44.860 [info] Got 6 sessions for ...
2026-03-16 00:02:44.929 [info] Getting sessions for all scopes...
2026-03-16 00:02:44.929 [info] Got 6 sessions for ...
2026-03-16 00:02:47.708 [info] Getting sessions for all scopes...
2026-03-16 00:02:47.708 [info] Got 6 sessions for ...
2026-03-16 00:02:47.753 [info] Getting sessions for all scopes...
2026-03-16 00:02:47.753 [info] Got 6 sessions for ...
2026-03-16 00:02:59.975 [info] Getting sessions for all scopes...
2026-03-16 00:02:59.975 [info] Got 6 sessions for ...
2026-03-16 00:03:00.033 [info] Getting sessions for all scopes...
2026-03-16 00:03:00.034 [info] Got 6 sessions for ...
2026-03-16 00:03:14.094 [info] Getting sessions for all scopes...
2026-03-16 00:03:14.094 [info] Got 6 sessions for ...
2026-03-16 00:03:14.153 [info] Getting sessions for all scopes...
2026-03-16 00:03:14.153 [info] Got 6 sessions for ...
2026-03-16 00:03:15.699 [info] Getting sessions for all scopes...
2026-03-16 00:03:15.699 [info] Got 6 sessions for ...
2026-03-16 00:03:15.756 [info] Getting sessions for all scopes...
2026-03-16 00:03:15.756 [info] Got 6 sessions for ...
2026-03-16 00:03:47.093 [info] Getting sessions for all scopes...
2026-03-16 00:03:47.093 [info] Got 6 sessions for ...
2026-03-16 00:03:47.154 [info] Getting sessions for all scopes...
2026-03-16 00:03:47.155 [info] Got 6 sessions for ...
2026-03-16 00:03:51.734 [info] Getting sessions for all scopes...
2026-03-16 00:03:51.734 [info] Got 6 sessions for ...
2026-03-16 00:03:51.820 [info] Getting sessions for all scopes...
2026-03-16 00:03:51.820 [info] Got 6 sessions for ...
2026-03-16 00:03:54.408 [info] Getting sessions for all scopes...
2026-03-16 00:03:54.408 [info] Got 6 sessions for ...
2026-03-16 00:03:54.461 [info] Getting sessions for all scopes...
2026-03-16 00:03:54.461 [info] Got 6 sessions for ...
2026-03-16 00:04:09.717 [info] Getting sessions for all scopes...
2026-03-16 00:04:09.717 [info] Got 6 sessions for ...
2026-03-16 00:04:09.761 [info] Getting sessions for all scopes...
2026-03-16 00:04:09.761 [info] Got 6 sessions for ...
2026-03-16 00:04:11.968 [info] Getting sessions for all scopes...
2026-03-16 00:04:11.968 [info] Got 6 sessions for ...
2026-03-16 00:04:12.074 [info] Getting sessions for all scopes...
2026-03-16 00:04:12.074 [info] Got 6 sessions for ...
2026-03-16 00:04:19.875 [info] Getting sessions for all scopes...
2026-03-16 00:04:19.875 [info] Got 6 sessions for ...
2026-03-16 00:04:19.937 [info] Getting sessions for all scopes...
2026-03-16 00:04:19.937 [info] Got 6 sessions for ...
2026-03-16 00:04:24.717 [info] Getting sessions for all scopes...
2026-03-16 00:04:24.717 [info] Got 6 sessions for ...
2026-03-16 00:04:24.763 [info] Getting sessions for all scopes...
2026-03-16 00:04:24.763 [info] Got 6 sessions for ...
2026-03-16 00:04:28.355 [info] Getting sessions for all scopes...
2026-03-16 00:04:28.355 [info] Got 6 sessions for ...
2026-03-16 00:04:28.414 [info] Getting sessions for all scopes...
2026-03-16 00:04:28.414 [info] Got 6 sessions for ...
2026-03-16 00:04:33.718 [info] Getting sessions for all scopes...
2026-03-16 00:04:33.718 [info] Got 6 sessions for ...
2026-03-16 00:04:33.774 [info] Getting sessions for all scopes...
2026-03-16 00:04:33.774 [info] Got 6 sessions for ...
2026-03-16 00:04:37.334 [info] Getting sessions for all scopes...
2026-03-16 00:04:37.334 [info] Got 6 sessions for ...
2026-03-16 00:04:37.376 [info] Getting sessions for all scopes...
2026-03-16 00:04:37.376 [info] Got 6 sessions for ...
2026-03-16 00:04:45.716 [info] Getting sessions for all scopes...
2026-03-16 00:04:45.716 [info] Got 6 sessions for ...
2026-03-16 00:04:45.777 [info] Getting sessions for all scopes...
2026-03-16 00:04:45.777 [info] Got 6 sessions for ...
2026-03-16 00:04:50.801 [info] Getting sessions for all scopes...
2026-03-16 00:04:50.801 [info] Got 6 sessions for ...
2026-03-16 00:04:50.858 [info] Getting sessions for all scopes...
2026-03-16 00:04:50.858 [info] Got 6 sessions for ...
2026-03-16 00:04:55.324 [info] Getting sessions for all scopes...
2026-03-16 00:04:55.324 [info] Got 6 sessions for ...
2026-03-16 00:04:55.367 [info] Getting sessions for all scopes...
2026-03-16 00:04:55.367 [info] Got 6 sessions for ...
2026-03-16 00:05:00.735 [info] Getting sessions for all scopes...
2026-03-16 00:05:00.735 [info] Got 6 sessions for ...
2026-03-16 00:05:01.735 [info] Getting sessions for all scopes...
2026-03-16 00:05:01.735 [info] Got 6 sessions for ...
2026-03-16 00:05:03.521 [info] Getting sessions for all scopes...
2026-03-16 00:05:03.521 [info] Got 6 sessions for ...
2026-03-16 00:05:03.585 [info] Getting sessions for all scopes...
2026-03-16 00:05:03.585 [info] Got 6 sessions for ...
2026-03-16 00:05:08.720 [info] Getting sessions for all scopes...
2026-03-16 00:05:08.720 [info] Got 6 sessions for ...
2026-03-16 00:05:08.773 [info] Getting sessions for all scopes...
2026-03-16 00:05:08.773 [info] Got 6 sessions for ...
2026-03-16 00:05:11.038 [info] Getting sessions for all scopes...
2026-03-16 00:05:11.038 [info] Got 6 sessions for ...
2026-03-16 00:05:11.081 [info] Getting sessions for all scopes...
2026-03-16 00:05:11.081 [info] Got 6 sessions for ...
2026-03-16 00:05:20.717 [info] Getting sessions for all scopes...
2026-03-16 00:05:20.717 [info] Got 6 sessions for ...
2026-03-16 00:05:20.776 [info] Getting sessions for all scopes...
2026-03-16 00:05:20.776 [info] Got 6 sessions for ...
2026-03-16 00:05:24.529 [info] Getting sessions for all scopes...
2026-03-16 00:05:24.529 [info] Got 6 sessions for ...
2026-03-16 00:05:24.636 [info] Getting sessions for all scopes...
2026-03-16 00:05:24.636 [info] Got 6 sessions for ...
2026-03-16 00:05:29.715 [info] Getting sessions for all scopes...
2026-03-16 00:05:29.715 [info] Got 6 sessions for ...
2026-03-16 00:05:29.778 [info] Getting sessions for all scopes...
2026-03-16 00:05:29.779 [info] Got 6 sessions for ...
2026-03-16 00:06:08.655 [info] Getting sessions for all scopes...
2026-03-16 00:06:08.655 [info] Got 6 sessions for ...
2026-03-16 00:06:08.695 [info] Getting sessions for all scopes...
2026-03-16 00:06:08.695 [info] Got 6 sessions for ...
2026-03-16 00:07:39.713 [info] Getting sessions for all scopes...
2026-03-16 00:07:39.714 [info] Got 6 sessions for ...
2026-03-16 00:07:39.754 [info] Getting sessions for all scopes...
2026-03-16 00:07:39.754 [info] Got 6 sessions for ...
2026-03-16 00:08:19.728 [info] Getting sessions for all scopes...
2026-03-16 00:08:19.728 [info] Got 6 sessions for ...
2026-03-16 00:08:19.833 [info] Getting sessions for all scopes...
2026-03-16 00:08:19.833 [info] Got 6 sessions for ...
2026-03-16 00:08:58.956 [info] Getting sessions for all scopes...
2026-03-16 00:08:58.956 [info] Got 6 sessions for ...
2026-03-16 00:08:59.013 [info] Getting sessions for all scopes...
2026-03-16 00:08:59.013 [info] Got 6 sessions for ...
2026-03-16 00:09:52.092 [info] Getting sessions for all scopes...
2026-03-16 00:09:52.092 [info] Got 6 sessions for ...
2026-03-16 00:09:52.135 [info] Getting sessions for all scopes...
2026-03-16 00:09:52.135 [info] Got 6 sessions for ...
2026-03-16 00:10:39.882 [info] Getting sessions for all scopes...
2026-03-16 00:10:39.882 [info] Got 6 sessions for ...
2026-03-16 00:10:39.935 [info] Getting sessions for all scopes...
2026-03-16 00:10:39.935 [info] Got 6 sessions for ...
2026-03-16 00:11:06.539 [info] Getting sessions for all scopes...
2026-03-16 00:11:06.539 [info] Got 6 sessions for ...
2026-03-16 00:11:06.615 [info] Getting sessions for all scopes...
2026-03-16 00:11:06.615 [info] Got 6 sessions for ...
2026-03-16 00:11:09.733 [info] Getting sessions for all scopes...
2026-03-16 00:11:09.734 [info] Got 6 sessions for ...
2026-03-16 00:11:09.797 [info] Getting sessions for all scopes...
2026-03-16 00:11:09.797 [info] Got 6 sessions for ...
2026-03-16 00:11:11.598 [info] Getting sessions for all scopes...
2026-03-16 00:11:11.598 [info] Got 6 sessions for ...
2026-03-16 00:11:11.652 [info] Getting sessions for all scopes...
2026-03-16 00:11:11.652 [info] Got 6 sessions for ...
2026-03-16 00:11:17.556 [info] Getting sessions for all scopes...
2026-03-16 00:11:17.556 [info] Got 6 sessions for ...
2026-03-16 00:11:17.597 [info] Getting sessions for all scopes...
2026-03-16 00:11:17.597 [info] Got 6 sessions for ...
2026-03-16 00:11:19.732 [info] Getting sessions for all scopes...
2026-03-16 00:11:19.732 [info] Got 6 sessions for ...
2026-03-16 00:11:19.773 [info] Getting sessions for all scopes...
2026-03-16 00:11:19.773 [info] Got 6 sessions for ...
2026-03-16 00:11:28.097 [info] Getting sessions for all scopes...
2026-03-16 00:11:28.097 [info] Got 6 sessions for ...
2026-03-16 00:11:28.158 [info] Getting sessions for all scopes...
2026-03-16 00:11:28.158 [info] Got 6 sessions for ...
2026-03-16 00:11:31.718 [info] Getting sessions for all scopes...
2026-03-16 00:11:31.718 [info] Got 6 sessions for ...
2026-03-16 00:11:31.768 [info] Getting sessions for all scopes...
2026-03-16 00:11:31.768 [info] Got 6 sessions for ...
2026-03-16 00:11:36.042 [info] Getting sessions for all scopes...
2026-03-16 00:11:36.042 [info] Got 6 sessions for ...
2026-03-16 00:11:36.094 [info] Getting sessions for all scopes...
2026-03-16 00:11:36.094 [info] Got 6 sessions for ...
2026-03-16 00:11:41.719 [info] Getting sessions for all scopes...
2026-03-16 00:11:41.720 [info] Got 6 sessions for ...
2026-03-16 00:11:41.764 [info] Getting sessions for all scopes...
2026-03-16 00:11:41.764 [info] Got 6 sessions for ...
2026-03-16 00:13:29.992 [info] Getting sessions for all scopes...
2026-03-16 00:13:29.992 [info] Got 6 sessions for ...
2026-03-16 00:13:30.032 [info] Getting sessions for all scopes...
2026-03-16 00:13:30.032 [info] Got 6 sessions for ...
2026-03-16 00:13:59.857 [info] Getting sessions for all scopes...
2026-03-16 00:13:59.857 [info] Got 6 sessions for ...
2026-03-16 00:13:59.977 [info] Getting sessions for all scopes...
2026-03-16 00:13:59.977 [info] Got 6 sessions for ...
2026-03-16 00:14:10.732 [info] Getting sessions for all scopes...
2026-03-16 00:14:10.732 [info] Got 6 sessions for ...
2026-03-16 00:14:10.793 [info] Getting sessions for all scopes...
2026-03-16 00:14:10.793 [info] Got 6 sessions for ...
2026-03-16 00:14:16.127 [info] Getting sessions for all scopes...
2026-03-16 00:14:16.127 [info] Got 6 sessions for ...
2026-03-16 00:14:16.187 [info] Getting sessions for all scopes...
2026-03-16 00:14:16.187 [info] Got 6 sessions for ...
2026-03-16 00:14:27.971 [info] Getting sessions for all scopes...
2026-03-16 00:14:27.971 [info] Got 6 sessions for ...
2026-03-16 00:14:28.016 [info] Getting sessions for all scopes...
2026-03-16 00:14:28.016 [info] Got 6 sessions for ...
2026-03-16 00:14:39.730 [info] Getting sessions for all scopes...
2026-03-16 00:14:39.730 [info] Got 6 sessions for ...
2026-03-16 00:14:39.774 [info] Getting sessions for all scopes...
2026-03-16 00:14:39.774 [info] Got 6 sessions for ...
2026-03-16 00:14:46.766 [info] Getting sessions for all scopes...
2026-03-16 00:14:46.766 [info] Got 6 sessions for ...
2026-03-16 00:14:46.819 [info] Getting sessions for all scopes...
2026-03-16 00:14:46.819 [info] Got 6 sessions for ...
2026-03-16 00:17:55.618 [info] Getting sessions for all scopes...
2026-03-16 00:17:55.618 [info] Got 6 sessions for ...
2026-03-16 00:17:55.678 [info] Getting sessions for all scopes...
2026-03-16 00:17:55.678 [info] Got 6 sessions for ...
2026-03-16 00:18:17.738 [info] Getting sessions for all scopes...
2026-03-16 00:18:17.738 [info] Got 6 sessions for ...
2026-03-16 00:18:17.787 [info] Getting sessions for all scopes...
2026-03-16 00:18:17.787 [info] Got 6 sessions for ...
2026-03-16 00:18:44.743 [info] Getting sessions for all scopes...
2026-03-16 00:18:44.743 [info] Got 6 sessions for ...
2026-03-16 00:18:44.794 [info] Getting sessions for all scopes...
2026-03-16 00:18:44.794 [info] Got 6 sessions for ...
2026-03-16 00:19:04.731 [info] Getting sessions for all scopes...
2026-03-16 00:19:04.731 [info] Got 6 sessions for ...
2026-03-16 00:19:04.773 [info] Getting sessions for all scopes...
2026-03-16 00:19:04.773 [info] Got 6 sessions for ...
2026-03-16 00:19:07.158 [info] Getting sessions for all scopes...
2026-03-16 00:19:07.158 [info] Got 6 sessions for ...
2026-03-16 00:19:07.206 [info] Getting sessions for all scopes...
2026-03-16 00:19:07.206 [info] Got 6 sessions for ...
2026-03-16 00:19:33.413 [info] Getting sessions for all scopes...
2026-03-16 00:19:33.413 [info] Got 6 sessions for ...
2026-03-16 00:19:33.455 [info] Getting sessions for all scopes...
2026-03-16 00:19:33.455 [info] Got 6 sessions for ...
2026-03-16 00:19:41.735 [info] Getting sessions for all scopes...
2026-03-16 00:19:41.735 [info] Got 6 sessions for ...
2026-03-16 00:19:41.773 [info] Getting sessions for all scopes...
2026-03-16 00:19:41.773 [info] Got 6 sessions for ...
2026-03-16 00:19:45.872 [info] Getting sessions for all scopes...
2026-03-16 00:19:45.872 [info] Got 6 sessions for ...
2026-03-16 00:19:45.912 [info] Getting sessions for all scopes...
2026-03-16 00:19:45.912 [info] Got 6 sessions for ...
2026-03-16 00:19:47.731 [info] Getting sessions for all scopes...
2026-03-16 00:19:47.731 [info] Got 6 sessions for ...
2026-03-16 00:19:47.771 [info] Getting sessions for all scopes...
2026-03-16 00:19:47.771 [info] Got 6 sessions for ...
2026-03-16 00:19:49.256 [info] Getting sessions for all scopes...
2026-03-16 00:19:49.256 [info] Got 6 sessions for ...
2026-03-16 00:19:49.316 [info] Getting sessions for all scopes...
2026-03-16 00:19:49.316 [info] Got 6 sessions for ...
2026-03-16 00:20:02.767 [info] Getting sessions for all scopes...
2026-03-16 00:20:02.767 [info] Got 6 sessions for ...
2026-03-16 00:20:02.812 [info] Getting sessions for all scopes...
2026-03-16 00:20:02.812 [info] Got 6 sessions for ...
2026-03-16 00:20:21.731 [info] Getting sessions for all scopes...
2026-03-16 00:20:21.731 [info] Got 6 sessions for ...
2026-03-16 00:20:21.790 [info] Getting sessions for all scopes...
2026-03-16 00:20:21.790 [info] Got 6 sessions for ...
2026-03-16 00:20:23.834 [info] Getting sessions for all scopes...
2026-03-16 00:20:23.834 [info] Got 6 sessions for ...
2026-03-16 00:20:23.872 [info] Getting sessions for all scopes...
2026-03-16 00:20:23.872 [info] Got 6 sessions for ...
2026-03-16 00:20:38.751 [info] Getting sessions for all scopes...
2026-03-16 00:20:38.751 [info] Got 6 sessions for ...
2026-03-16 00:20:38.805 [info] Getting sessions for all scopes...
2026-03-16 00:20:38.805 [info] Got 6 sessions for ...
2026-03-16 00:20:41.512 [info] Getting sessions for all scopes...
2026-03-16 00:20:41.512 [info] Got 6 sessions for ...
2026-03-16 00:20:41.572 [info] Getting sessions for all scopes...
2026-03-16 00:20:41.573 [info] Got 6 sessions for ...
2026-03-16 00:20:49.735 [info] Getting sessions for all scopes...
2026-03-16 00:20:49.735 [info] Got 6 sessions for ...
2026-03-16 00:20:49.791 [info] Getting sessions for all scopes...
2026-03-16 00:20:49.791 [info] Got 6 sessions for ...
2026-03-16 00:21:01.576 [info] Getting sessions for all scopes...
2026-03-16 00:21:01.576 [info] Got 6 sessions for ...
2026-03-16 00:21:01.624 [info] Getting sessions for all scopes...
2026-03-16 00:21:01.624 [info] Got 6 sessions for ...
2026-03-16 00:21:16.031 [info] Getting sessions for all scopes...
2026-03-16 00:21:16.031 [info] Got 6 sessions for ...
2026-03-16 00:21:16.071 [info] Getting sessions for all scopes...
2026-03-16 00:21:16.071 [info] Got 6 sessions for ...
2026-03-16 00:21:18.726 [info] Getting sessions for all scopes...
2026-03-16 00:21:18.726 [info] Got 6 sessions for ...
2026-03-16 00:21:18.771 [info] Getting sessions for all scopes...
2026-03-16 00:21:18.771 [info] Got 6 sessions for ...
2026-03-16 00:21:28.220 [info] Getting sessions for all scopes...
2026-03-16 00:21:28.220 [info] Got 6 sessions for ...
2026-03-16 00:21:28.335 [info] Getting sessions for all scopes...
2026-03-16 00:21:28.336 [info] Got 6 sessions for ...
2026-03-16 00:21:47.470 [info] Getting sessions for all scopes...
2026-03-16 00:21:47.470 [info] Got 6 sessions for ...
2026-03-16 00:21:47.519 [info] Getting sessions for all scopes...
2026-03-16 00:21:47.519 [info] Got 6 sessions for ...
2026-03-16 00:21:58.090 [info] Getting sessions for all scopes...
2026-03-16 00:21:58.090 [info] Got 6 sessions for ...
2026-03-16 00:21:58.132 [info] Getting sessions for all scopes...
2026-03-16 00:21:58.132 [info] Got 6 sessions for ...
2026-03-16 00:22:03.726 [info] Getting sessions for all scopes...
2026-03-16 00:22:03.726 [info] Got 6 sessions for ...
2026-03-16 00:22:03.765 [info] Getting sessions for all scopes...
2026-03-16 00:22:03.765 [info] Got 6 sessions for ...
2026-03-16 00:22:09.332 [info] Getting sessions for all scopes...
2026-03-16 00:22:09.332 [info] Got 6 sessions for ...
2026-03-16 00:22:09.391 [info] Getting sessions for all scopes...
2026-03-16 00:22:09.391 [info] Got 6 sessions for ...
2026-03-16 00:22:30.766 [info] Getting sessions for all scopes...
2026-03-16 00:22:30.766 [info] Got 6 sessions for ...
2026-03-16 00:22:30.811 [info] Getting sessions for all scopes...
2026-03-16 00:22:30.812 [info] Got 6 sessions for ...
2026-03-16 00:22:39.833 [info] Getting sessions for all scopes...
2026-03-16 00:22:39.833 [info] Got 6 sessions for ...
2026-03-16 00:22:39.873 [info] Getting sessions for all scopes...
2026-03-16 00:22:39.873 [info] Got 6 sessions for ...
2026-03-16 00:22:45.746 [info] Getting sessions for all scopes...
2026-03-16 00:22:45.746 [info] Got 6 sessions for ...
2026-03-16 00:22:46.733 [info] Getting sessions for all scopes...
2026-03-16 00:22:46.733 [info] Got 6 sessions for ...
2026-03-16 00:22:57.390 [info] Getting sessions for all scopes...
2026-03-16 00:22:57.390 [info] Got 6 sessions for ...
2026-03-16 00:22:57.435 [info] Getting sessions for all scopes...
2026-03-16 00:22:57.435 [info] Got 6 sessions for ...
2026-03-16 00:22:59.737 [info] Getting sessions for all scopes...
2026-03-16 00:22:59.737 [info] Got 6 sessions for ...
2026-03-16 00:22:59.792 [info] Getting sessions for all scopes...
2026-03-16 00:22:59.792 [info] Got 6 sessions for ...
2026-03-16 00:23:05.000 [info] Getting sessions for all scopes...
2026-03-16 00:23:05.001 [info] Got 6 sessions for ...
2026-03-16 00:23:05.206 [info] Getting sessions for all scopes...
2026-03-16 00:23:05.206 [info] Got 6 sessions for ...
2026-03-16 00:24:06.751 [info] Getting sessions for all scopes...
2026-03-16 00:24:06.751 [info] Got 6 sessions for ...
2026-03-16 00:24:06.791 [info] Getting sessions for all scopes...
2026-03-16 00:24:06.791 [info] Got 6 sessions for ...
2026-03-16 00:24:15.877 [info] Getting sessions for all scopes...
2026-03-16 00:24:15.877 [info] Got 6 sessions for ...
2026-03-16 00:24:15.925 [info] Getting sessions for all scopes...
2026-03-16 00:24:15.925 [info] Got 6 sessions for ...
2026-03-16 00:25:01.750 [info] Getting sessions for all scopes...
2026-03-16 00:25:01.750 [info] Got 6 sessions for ...
2026-03-16 00:25:01.792 [info] Getting sessions for all scopes...
2026-03-16 00:25:01.792 [info] Got 6 sessions for ...
2026-03-16 00:25:06.151 [info] Getting sessions for all scopes...
2026-03-16 00:25:06.151 [info] Got 6 sessions for ...
2026-03-16 00:25:06.210 [info] Getting sessions for all scopes...
2026-03-16 00:25:06.210 [info] Got 6 sessions for ...
2026-03-16 00:25:08.745 [info] Getting sessions for all scopes...
2026-03-16 00:25:08.745 [info] Got 6 sessions for ...
2026-03-16 00:25:08.795 [info] Getting sessions for all scopes...
2026-03-16 00:25:08.795 [info] Got 6 sessions for ...
2026-03-16 00:25:15.931 [info] Getting sessions for all scopes...
2026-03-16 00:25:15.931 [info] Got 6 sessions for ...
2026-03-16 00:25:15.995 [info] Getting sessions for all scopes...
2026-03-16 00:25:15.995 [info] Got 6 sessions for ...
2026-03-16 00:25:30.735 [info] Getting sessions for all scopes...
2026-03-16 00:25:30.735 [info] Got 6 sessions for ...
2026-03-16 00:25:30.775 [info] Getting sessions for all scopes...
2026-03-16 00:25:30.775 [info] Got 6 sessions for ...
2026-03-16 00:25:40.390 [info] Getting sessions for all scopes...
2026-03-16 00:25:40.390 [info] Got 6 sessions for ...
2026-03-16 00:25:40.430 [info] Getting sessions for all scopes...
2026-03-16 00:25:40.430 [info] Got 6 sessions for ...
2026-03-16 00:25:54.770 [info] Getting sessions for all scopes...
2026-03-16 00:25:54.770 [info] Got 6 sessions for ...
2026-03-16 00:25:54.850 [info] Getting sessions for all scopes...
2026-03-16 00:25:54.850 [info] Got 6 sessions for ...
2026-03-16 00:26:01.665 [info] Getting sessions for all scopes...
2026-03-16 00:26:01.666 [info] Got 6 sessions for ...
2026-03-16 00:26:01.712 [info] Getting sessions for all scopes...
2026-03-16 00:26:01.712 [info] Got 6 sessions for ...
2026-03-16 00:26:44.751 [info] Getting sessions for all scopes...
2026-03-16 00:26:44.751 [info] Got 6 sessions for ...
2026-03-16 00:26:44.830 [info] Getting sessions for all scopes...
2026-03-16 00:26:44.830 [info] Got 6 sessions for ...
2026-03-16 00:27:01.311 [info] Getting sessions for all scopes...
2026-03-16 00:27:01.311 [info] Got 6 sessions for ...
2026-03-16 00:27:01.361 [info] Getting sessions for all scopes...
2026-03-16 00:27:01.361 [info] Got 6 sessions for ...
2026-03-16 00:27:09.095 [info] Getting sessions for all scopes...
2026-03-16 00:27:09.095 [info] Got 6 sessions for ...
2026-03-16 00:27:09.142 [info] Getting sessions for all scopes...
2026-03-16 00:27:09.142 [info] Got 6 sessions for ...
2026-03-16 00:27:55.775 [info] Getting sessions for all scopes...
2026-03-16 00:27:55.775 [info] Got 6 sessions for ...
2026-03-16 00:27:55.830 [info] Getting sessions for all scopes...
2026-03-16 00:27:55.831 [info] Got 6 sessions for ...
2026-03-16 00:28:08.744 [info] Getting sessions for all scopes...
2026-03-16 00:28:08.744 [info] Got 6 sessions for ...
2026-03-16 00:28:08.790 [info] Getting sessions for all scopes...
2026-03-16 00:28:08.790 [info] Got 6 sessions for ...
2026-03-16 00:28:16.585 [info] Getting sessions for all scopes...
2026-03-16 00:28:16.585 [info] Got 6 sessions for ...
2026-03-16 00:28:16.695 [info] Getting sessions for all scopes...
2026-03-16 00:28:16.695 [info] Got 6 sessions for ...
2026-03-16 00:28:27.732 [info] Getting sessions for all scopes...
2026-03-16 00:28:27.732 [info] Got 6 sessions for ...
2026-03-16 00:28:27.791 [info] Getting sessions for all scopes...
2026-03-16 00:28:27.791 [info] Got 6 sessions for ...
2026-03-16 00:28:38.164 [info] Getting sessions for all scopes...
2026-03-16 00:28:38.164 [info] Got 6 sessions for ...
2026-03-16 00:28:38.211 [info] Getting sessions for all scopes...
2026-03-16 00:28:38.211 [info] Got 6 sessions for ...
2026-03-16 00:29:09.676 [info] Getting sessions for all scopes...
2026-03-16 00:29:09.676 [info] Got 6 sessions for ...
2026-03-16 00:29:09.730 [info] Getting sessions for all scopes...
2026-03-16 00:29:09.730 [info] Got 6 sessions for ...
2026-03-16 00:29:12.027 [info] Getting sessions for all scopes...
2026-03-16 00:29:12.027 [info] Got 6 sessions for ...
2026-03-16 00:29:12.090 [info] Getting sessions for all scopes...
2026-03-16 00:29:12.090 [info] Got 6 sessions for ...
2026-03-16 00:29:56.015 [info] Getting sessions for all scopes...
2026-03-16 00:29:56.015 [info] Got 6 sessions for ...
2026-03-16 00:29:56.069 [info] Getting sessions for all scopes...
2026-03-16 00:29:56.069 [info] Got 6 sessions for ...
2026-03-16 00:30:05.754 [info] Getting sessions for all scopes...
2026-03-16 00:30:05.754 [info] Got 6 sessions for ...
2026-03-16 00:30:06.751 [info] Getting sessions for all scopes...
2026-03-16 00:30:06.751 [info] Got 6 sessions for ...
2026-03-16 00:30:16.070 [info] Getting sessions for all scopes...
2026-03-16 00:30:16.070 [info] Got 6 sessions for ...
2026-03-16 00:30:16.114 [info] Getting sessions for all scopes...
2026-03-16 00:30:16.114 [info] Got 6 sessions for ...
2026-03-16 00:30:18.769 [info] Getting sessions for all scopes...
2026-03-16 00:30:18.769 [info] Got 6 sessions for ...
2026-03-16 00:30:18.809 [info] Getting sessions for all scopes...
2026-03-16 00:30:18.809 [info] Got 6 sessions for ...
2026-03-16 00:30:20.030 [info] Getting sessions for all scopes...
2026-03-16 00:30:20.030 [info] Got 6 sessions for ...
2026-03-16 00:30:20.079 [info] Getting sessions for all scopes...
2026-03-16 00:30:20.079 [info] Got 6 sessions for ...
2026-03-16 00:30:27.744 [info] Getting sessions for all scopes...
2026-03-16 00:30:27.744 [info] Got 6 sessions for ...
2026-03-16 00:30:27.820 [info] Getting sessions for all scopes...
2026-03-16 00:30:27.820 [info] Got 6 sessions for ...
2026-03-16 00:30:31.791 [info] Getting sessions for all scopes...
2026-03-16 00:30:31.791 [info] Got 6 sessions for ...
2026-03-16 00:30:31.840 [info] Getting sessions for all scopes...
2026-03-16 00:30:31.840 [info] Got 6 sessions for ...
2026-03-16 00:30:34.749 [info] Getting sessions for all scopes...
2026-03-16 00:30:34.749 [info] Got 6 sessions for ...
2026-03-16 00:30:34.794 [info] Getting sessions for all scopes...
2026-03-16 00:30:34.794 [info] Got 6 sessions for ...
2026-03-16 00:33:39.508 [info] Getting sessions for all scopes...
2026-03-16 00:33:39.508 [info] Got 6 sessions for ...
2026-03-16 00:33:39.549 [info] Getting sessions for all scopes...
2026-03-16 00:33:39.549 [info] Got 6 sessions for ...
